DisplayImage,corrAns,thisN,thisTrialN,thisRepN,ishihara_number.text,ishihara_pics.thisRepN,ishihara_pics.thisTrialN,ishihara_pics.thisN,ishihara_pics.thisIndex,blocks.thisRepN,blocks.thisTrialN,blocks.thisN,blocks.thisIndex,thisRow.t,notes,Settings.started,Settings.stopped,Demographics.started,Demographics.stopped,demographic_form.index,demographic_form.itemText,demographic_form.type,demographic_form.font,demographic_form.markerColor,demographic_form.response,demographic_form.rt,demographic_button.numClicks,demographic_button.timesOn,demographic_button.timesOff,Education.started,Education.stopped,education_form.index,education_form.itemText,education_form.type,education_form.font,education_form.markerColor,education_form.response,education_form.rt,education_button.numClicks,education_button.timesOn,education_button.timesOff,Ishihara.started,Ishihara.stopped,ishihara_pics.ishihara_number.text,no_text_blocks_self_paced.started,no_text_blocks_self_paced.stopped,colour,target,button_pressed,nback_response,nback_RT,duration,text_nr,trial_nr,block_nr,block_name,block_kind,word,global_onset_time,question,chosen_ans,ans_correct,block_nr_exp,n-back_level,text_blocks_self_paced.started,text_blocks_self_paced.stopped,end.started,end.stopped,participant,session,testing_mode,date,expName,psychopyVersion,expStart,
,,,,,,,,,,,,,,,,0.05510878562927246,0.055799245834350586,,,,,,,,,,,,,,,,,,,,,,,,,,,,,,,,,,,,,,,,,,,,,,,,,,,,05,01,no,2025-06-30_13h02.36.220,EXNAT_4_Training_Psychopy2024.2.5,2024.2.5,2025-06-30 13h03.18.029267 +0200,
,,,,,,,,,,,,,,,,,,0.05664873123168945,64.64238953590393,0.0,Willkommen zum Experiment!,heading,None,None,,,,,,,,,,,,,,,,,,,,,,,,,,,,,,,,,,,,,,,,,,,,,05,01,no,2025-06-30_13h02.36.220,EXNAT_4_Training_Psychopy2024.2.5,2024.2.5,2025-06-30 13h03.18.029267 +0200,
,,,,,,,,,,,,,,,,,,,,0.0,Bitte beantworten Sie zunächst die folgenden Fragen:,description,None,None,,,,,,,,,,,,,,,,,,,,,,,,,,,,,,,,,,,,,,,,,,,,,05,01,no,2025-06-30_13h02.36.220,EXNAT_4_Training_Psychopy2024.2.5,2024.2.5,2025-06-30 13h03.18.029267 +0200,
,,,,,,,,,,,,,,,,,,,,gender,Welches Geschlecht steht in Ihrem Ausweis?,radio,None,None,Männlich,14.662970781326294,,,,,,,,,,,,,,,,,,,,,,,,,,,,,,,,,,,,,,,,,,,05,01,no,2025-06-30_13h02.36.220,EXNAT_4_Training_Psychopy2024.2.5,2024.2.5,2025-06-30 13h03.18.029267 +0200,
,,,,,,,,,,,,,,,,,,,,age,Wie alt sind Sie?,free text,None,None,42,None,,,,,,,,,,,,,,,,,,,,,,,,,,,,,,,,,,,,,,,,,,,05,01,no,2025-06-30_13h02.36.220,EXNAT_4_Training_Psychopy2024.2.5,2024.2.5,2025-06-30 13h03.18.029267 +0200,
,,,,,,,,,,,,,,,,,,,,language,Ist Deutsch Ihre Muttersprache?,radio,None,None,Ja,33.27112030982971,,,,,,,,,,,,,,,,,,,,,,,,,,,,,,,,,,,,,,,,,,,05,01,no,2025-06-30_13h02.36.220,EXNAT_4_Training_Psychopy2024.2.5,2024.2.5,2025-06-30 13h03.18.029267 +0200,
,,,,,,,,,,,,,,,,,,,,dyslexia,Haben Sie eine Leseschwäche?,radio,None,None,Nein,41.46002650260925,,,,,,,,,,,,,,,,,,,,,,,,,,,,,,,,,,,,,,,,,,,05,01,no,2025-06-30_13h02.36.220,EXNAT_4_Training_Psychopy2024.2.5,2024.2.5,2025-06-30 13h03.18.029267 +0200,
,,,,,,,,,,,,,,,,,,,,vision_glasses,Tragen Sie eine Brille?,radio,None,None,Ja,21.007888555526733,,,,,,,,,,,,,,,,,,,,,,,,,,,,,,,,,,,,,,,,,,,05,01,no,2025-06-30_13h02.36.220,EXNAT_4_Training_Psychopy2024.2.5,2024.2.5,2025-06-30 13h03.18.029267 +0200,
,,,,,,,,,,,,,,,,,,,,vision_lenses,Tragen Sie Kontaktlinsen?,radio,None,None,Nein,19.525047779083252,,,,,,,,,,,,,,,,,,,,,,,,,,,,,,,,,,,,,,,,,,,05,01,no,2025-06-30_13h02.36.220,EXNAT_4_Training_Psychopy2024.2.5,2024.2.5,2025-06-30 13h03.18.029267 +0200,
,,,,,,,,,,,,,,,,,,,,handedness,Sind Sie rechtshändig?,radio,None,None,Ja,20.10579824447632,,,,,,,,,,,,,,,,,,,,,,,,,,,,,,,,,,,,,,,,,,,05,01,no,2025-06-30_13h02.36.220,EXNAT_4_Training_Psychopy2024.2.5,2024.2.5,2025-06-30 13h03.18.029267 +0200,
,,,,,,,,,,,,,,,,,,,,,,,,,,,1,[1.5647895336151123],[1.5647964477539062],,,,,,,,,,,,,,,,,,,,,,,,,,,,,,,,,,,,,,,,05,01,no,2025-06-30_13h02.36.220,EXNAT_4_Training_Psychopy2024.2.5,2024.2.5,2025-06-30 13h03.18.029267 +0200,
,,,,,,,,,,,,,,,,,,,,,,,,,,,,,,64.64354944229126,154.76878571510315,0.0,Bitte beantworten Sie die folgenden Fragen zu Ihrer Ausbildung:,description,None,None,,,,,,,,,,,,,,,,,,,,,,,,,,,,,,,,,05,01,no,2025-06-30_13h02.36.220,EXNAT_4_Training_Psychopy2024.2.5,2024.2.5,2025-06-30 13h03.18.029267 +0200,
,,,,,,,,,,,,,,,,,,,,,,,,,,,,,,,,education,Was ist Ihr höchster Bildungsabschluss?,radio,None,None,Master,6.766741514205933,,,,,,,,,,,,,,,,,,,,,,,,,,,,,,,05,01,no,2025-06-30_13h02.36.220,EXNAT_4_Training_Psychopy2024.2.5,2024.2.5,2025-06-30 13h03.18.029267 +0200,
,,,,,,,,,,,,,,,,,,,,,,,,,,,,,,,,edu_intro,Wie viele Jahre verbrachten Sie insgesamt mit:,description,None,None,,,,,,,,,,,,,,,,,,,,,,,,,,,,,,,,,05,01,no,2025-06-30_13h02.36.220,EXNAT_4_Training_Psychopy2024.2.5,2024.2.5,2025-06-30 13h03.18.029267 +0200,
,,,,,,,,,,,,,,,,,,,,,,,,,,,,,,,,edu_school_years,Schule,free text,None,None,13,None,,,,,,,,,,,,,,,,,,,,,,,,,,,,,,,05,01,no,2025-06-30_13h02.36.220,EXNAT_4_Training_Psychopy2024.2.5,2024.2.5,2025-06-30 13h03.18.029267 +0200,
,,,,,,,,,,,,,,,,,,,,,,,,,,,,,,,,edu_eveningschool_years,Abendschule,free text,None,None,0,None,,,,,,,,,,,,,,,,,,,,,,,,,,,,,,,05,01,no,2025-06-30_13h02.36.220,EXNAT_4_Training_Psychopy2024.2.5,2024.2.5,2025-06-30 13h03.18.029267 +0200,
,,,,,,,,,,,,,,,,,,,,,,,,,,,,,,,,edu_training_years,Ausbildung,free text,None,None,0,None,,,,,,,,,,,,,,,,,,,,,,,,,,,,,,,05,01,no,2025-06-30_13h02.36.220,EXNAT_4_Training_Psychopy2024.2.5,2024.2.5,2025-06-30 13h03.18.029267 +0200,
,,,,,,,,,,,,,,,,,,,,,,,,,,,,,,,,edu_training_GDR_years,Fachschule,free text,None,None,0,None,,,,,,,,,,,,,,,,,,,,,,,,,,,,,,,05,01,no,2025-06-30_13h02.36.220,EXNAT_4_Training_Psychopy2024.2.5,2024.2.5,2025-06-30 13h03.18.029267 +0200,
,,,,,,,,,,,,,,,,,,,,,,,,,,,,,,,,edu_uni_years,Universität/Hochschule,free text,None,None,7,None,,,,,,,,,,,,,,,,,,,,,,,,,,,,,,,05,01,no,2025-06-30_13h02.36.220,EXNAT_4_Training_Psychopy2024.2.5,2024.2.5,2025-06-30 13h03.18.029267 +0200,
,,,,,,,,,,,,,,,,,,,,,,,,,,,,,,,,edu_other_years,Sonstiges,free text,None,None,2,None,,,,,,,,,,,,,,,,,,,,,,,,,,,,,,,05,01,no,2025-06-30_13h02.36.220,EXNAT_4_Training_Psychopy2024.2.5,2024.2.5,2025-06-30 13h03.18.029267 +0200,
,,,,,,,,,,,,,,,,,,,,,,,,,,,,,,,,edu_profession,Was ist Ihr derzeitiger/letzter Beruf?,free text,None,None,regionalleiter hotel,None,,,,,,,,,,,,,,,,,,,,,,,,,,,,,,,05,01,no,2025-06-30_13h02.36.220,EXNAT_4_Training_Psychopy2024.2.5,2024.2.5,2025-06-30 13h03.18.029267 +0200,
,,,,,,,,,,,,,,,,,,,,,,,,,,,,,,,,,,,,,,,1,[13.899325609207153],[13.899330615997314],,,,,,,,,,,,,,,,,,,,,,,,,,,,05,01,no,2025-06-30_13h02.36.220,EXNAT_4_Training_Psychopy2024.2.5,2024.2.5,2025-06-30 13h03.18.029267 +0200,
,,,,,,,,,,,,,,,,,,,,,,,,,,,,,,,,,,,,,,,,,,,,,,,,,,,,,,,,,,,,,,,,,,,,,05,01,no,2025-06-30_13h02.36.220,EXNAT_4_Training_Psychopy2024.2.5,2024.2.5,2025-06-30 13h03.18.029267 +0200,
Stimuli_and_Resources/Ishihara_Colour_Vision_Test/ishihara_test1_70.png,70,0,0,0,70,0,0,0,0,,,,,162.32830715179443,,,,,,,,,,,,,,,,,,,,,,,,,,,,162.2926287651062,165.45874738693237,70,,,,,,,,,,,,,,,,,,,,,,,,,05,01,no,2025-06-30_13h02.36.220,EXNAT_4_Training_Psychopy2024.2.5,2024.2.5,2025-06-30 13h03.18.029267 +0200,
Stimuli_and_Resources/Ishihara_Colour_Vision_Test/ishihara_test6_15.png,15,1,1,0,15,0,1,1,5,,,,,166.53055715560913,,,,,,,,,,,,,,,,,,,,,,,,,,,,166.504497051239,170.75902366638184,15,,,,,,,,,,,,,,,,,,,,,,,,,05,01,no,2025-06-30_13h02.36.220,EXNAT_4_Training_Psychopy2024.2.5,2024.2.5,2025-06-30 13h03.18.029267 +0200,
Stimuli_and_Resources/Ishihara_Colour_Vision_Test/ishihara_test5_23.png,23,2,2,0,23,0,2,2,4,,,,,171.81526517868042,,,,,,,,,,,,,,,,,,,,,,,,,,,,171.7928683757782,174.56101322174072,23,,,,,,,,,,,,,,,,,,,,,,,,,05,01,no,2025-06-30_13h02.36.220,EXNAT_4_Training_Psychopy2024.2.5,2024.2.5,2025-06-30 13h03.18.029267 +0200,
Stimuli_and_Resources/Ishihara_Colour_Vision_Test/ishihara_test3_21.png,21,3,3,0,21,0,3,3,2,,,,,175.63646626472473,,,,,,,,,,,,,,,,,,,,,,,,,,,,175.60858583450317,177.9436070919037,21,,,,,,,,,,,,,,,,,,,,,,,,,05,01,no,2025-06-30_13h02.36.220,EXNAT_4_Training_Psychopy2024.2.5,2024.2.5,2025-06-30 13h03.18.029267 +0200,
Stimuli_and_Resources/Ishihara_Colour_Vision_Test/ishihara_test4_78.png,78,4,4,0,78,0,4,4,3,,,,,179.0015640258789,,,,,,,,,,,,,,,,,,,,,,,,,,,,178.97450470924377,182.26232361793518,78,,,,,,,,,,,,,,,,,,,,,,,,,05,01,no,2025-06-30_13h02.36.220,EXNAT_4_Training_Psychopy2024.2.5,2024.2.5,2025-06-30 13h03.18.029267 +0200,
Stimuli_and_Resources/Ishihara_Colour_Vision_Test/ishihara_test2_17.png,17,5,5,0,17,0,5,5,1,,,,,183.31871724128723,,,,,,,,,,,,,,,,,,,,,,,,,,,,183.29653644561768,186.0408890247345,17,,,,,,,,,,,,,,,,,,,,,,,,,05,01,no,2025-06-30_13h02.36.220,EXNAT_4_Training_Psychopy2024.2.5,2024.2.5,2025-06-30 13h03.18.029267 +0200,
,,0,0,0,,,,,,0,0,0,0,187.05452179908752,,,,,,,,,,,,,,,,,,,,,,,,,,,,,,,187.05484414100647,187.05487442016602,#D292F3,None,None,None,None,704.4498920440674,reading_bl_training_text,1,0,Reading_Baseline_training_click,None,Auf,,,,,,,,,,,05,01,no,2025-06-30_13h02.36.220,EXNAT_4_Training_Psychopy2024.2.5,2024.2.5,2025-06-30 13h03.18.029267 +0200,
,,0,0,0,,,,,,0,0,0,0,,,,,,,,,,,,,,,,,,,,,,,,,,,,,,,,,,#88BA3F,None,None,None,None,541.107177734375,reading_bl_training_text,2,0,Reading_Baseline_training_click,None,dem,,,,,,,,,,,05,01,no,2025-06-30_13h02.36.220,EXNAT_4_Training_Psychopy2024.2.5,2024.2.5,2025-06-30 13h03.18.029267 +0200,
,,0,0,0,,,,,,0,0,0,0,,,,,,,,,,,,,,,,,,,,,,,,,,,,,,,,,,#88BA3F,None,None,None,None,507.8699588775635,reading_bl_training_text,3,0,Reading_Baseline_training_click,None,großen,,,,,,,,,,,05,01,no,2025-06-30_13h02.36.220,EXNAT_4_Training_Psychopy2024.2.5,2024.2.5,2025-06-30 13h03.18.029267 +0200,
,,0,0,0,,,,,,0,0,0,0,,,,,,,,,,,,,,,,,,,,,,,,,,,,,,,,,,#D292F3,None,None,None,None,535.0205898284912,reading_bl_training_text,4,0,Reading_Baseline_training_click,None,"Passagierdampfer,",,,,,,,,,,,05,01,no,2025-06-30_13h02.36.220,EXNAT_4_Training_Psychopy2024.2.5,2024.2.5,2025-06-30 13h03.18.029267 +0200,
,,0,0,0,,,,,,0,0,0,0,,,,,,,,,,,,,,,,,,,,,,,,,,,,,,,,,,#F989A2,None,None,None,None,480.43084144592285,reading_bl_training_text,5,0,Reading_Baseline_training_click,None,der,,,,,,,,,,,05,01,no,2025-06-30_13h02.36.220,EXNAT_4_Training_Psychopy2024.2.5,2024.2.5,2025-06-30 13h03.18.029267 +0200,
,,0,0,0,,,,,,0,0,0,0,,,,,,,,,,,,,,,,,,,,,,,,,,,,,,,,,,#2AB7EF,None,None,None,None,458.07886123657227,reading_bl_training_text,6,0,Reading_Baseline_training_click,None,um,,,,,,,,,,,05,01,no,2025-06-30_13h02.36.220,EXNAT_4_Training_Psychopy2024.2.5,2024.2.5,2025-06-30 13h03.18.029267 +0200,
,,0,0,0,,,,,,0,0,0,0,,,,,,,,,,,,,,,,,,,,,,,,,,,,,,,,,,#F989A2,None,None,None,None,480.0291061401367,reading_bl_training_text,7,0,Reading_Baseline_training_click,None,Mitternacht,,,,,,,,,,,05,01,no,2025-06-30_13h02.36.220,EXNAT_4_Training_Psychopy2024.2.5,2024.2.5,2025-06-30 13h03.18.029267 +0200,
,,0,0,0,,,,,,0,0,0,0,,,,,,,,,,,,,,,,,,,,,,,,,,,,,,,,,,#D292F3,None,None,None,None,479.3269634246826,reading_bl_training_text,8,0,Reading_Baseline_training_click,None,von,,,,,,,,,,,05,01,no,2025-06-30_13h02.36.220,EXNAT_4_Training_Psychopy2024.2.5,2024.2.5,2025-06-30 13h03.18.029267 +0200,
,,0,0,0,,,,,,0,0,0,0,,,,,,,,,,,,,,,,,,,,,,,,,,,,,,,,,,#88BA3F,None,None,None,None,446.2244510650635,reading_bl_training_text,9,0,Reading_Baseline_training_click,None,New,,,,,,,,,,,05,01,no,2025-06-30_13h02.36.220,EXNAT_4_Training_Psychopy2024.2.5,2024.2.5,2025-06-30 13h03.18.029267 +0200,
,,0,0,0,,,,,,0,0,0,0,,,,,,,,,,,,,,,,,,,,,,,,,,,,,,,,,,#2AB7EF,None,None,None,None,440.5527114868164,reading_bl_training_text,10,0,Reading_Baseline_training_click,None,York,,,,,,,,,,,05,01,no,2025-06-30_13h02.36.220,EXNAT_4_Training_Psychopy2024.2.5,2024.2.5,2025-06-30 13h03.18.029267 +0200,
,,0,0,0,,,,,,0,0,0,0,,,,,,,,,,,,,,,,,,,,,,,,,,,,,,,,,,#2AB7EF,None,None,None,None,363.19971084594727,reading_bl_training_text,11,0,Reading_Baseline_training_click,None,nach,,,,,,,,,,,05,01,no,2025-06-30_13h02.36.220,EXNAT_4_Training_Psychopy2024.2.5,2024.2.5,2025-06-30 13h03.18.029267 +0200,
,,0,0,0,,,,,,0,0,0,0,,,,,,,,,,,,,,,,,,,,,,,,,,,,,,,,,,#F989A2,None,None,None,None,402.2557735443115,reading_bl_training_text,12,0,Reading_Baseline_training_click,None,Buenos,,,,,,,,,,,05,01,no,2025-06-30_13h02.36.220,EXNAT_4_Training_Psychopy2024.2.5,2024.2.5,2025-06-30 13h03.18.029267 +0200,
,,0,0,0,,,,,,0,0,0,0,,,,,,,,,,,,,,,,,,,,,,,,,,,,,,,,,,#2AB7EF,None,None,None,None,356.8570613861084,reading_bl_training_text,13,0,Reading_Baseline_training_click,None,Aires,,,,,,,,,,,05,01,no,2025-06-30_13h02.36.220,EXNAT_4_Training_Psychopy2024.2.5,2024.2.5,2025-06-30 13h03.18.029267 +0200,
,,0,0,0,,,,,,0,0,0,0,,,,,,,,,,,,,,,,,,,,,,,,,,,,,,,,,,#F989A2,None,None,None,None,393.01133155822754,reading_bl_training_text,14,0,Reading_Baseline_training_click,None,abgehen,,,,,,,,,,,05,01,no,2025-06-30_13h02.36.220,EXNAT_4_Training_Psychopy2024.2.5,2024.2.5,2025-06-30 13h03.18.029267 +0200,
,,0,0,0,,,,,,0,0,0,0,,,,,,,,,,,,,,,,,,,,,,,,,,,,,,,,,,#D292F3,None,None,None,None,453.00769805908203,reading_bl_training_text,15,0,Reading_Baseline_training_click,None,"sollte,",,,,,,,,,,,05,01,no,2025-06-30_13h02.36.220,EXNAT_4_Training_Psychopy2024.2.5,2024.2.5,2025-06-30 13h03.18.029267 +0200,
,,0,0,0,,,,,,0,0,0,0,,,,,,,,,,,,,,,,,,,,,,,,,,,,,,,,,,#88BA3F,None,None,None,None,427.8521537780762,reading_bl_training_text,16,0,Reading_Baseline_training_click,None,herrschte,,,,,,,,,,,05,01,no,2025-06-30_13h02.36.220,EXNAT_4_Training_Psychopy2024.2.5,2024.2.5,2025-06-30 13h03.18.029267 +0200,
,,0,0,0,,,,,,0,0,0,0,,,,,,,,,,,,,,,,,,,,,,,,,,,,,,,,,,#88BA3F,None,None,None,None,518.3720588684082,reading_bl_training_text,17,0,Reading_Baseline_training_click,None,geschäftiges,,,,,,,,,,,05,01,no,2025-06-30_13h02.36.220,EXNAT_4_Training_Psychopy2024.2.5,2024.2.5,2025-06-30 13h03.18.029267 +0200,
,,0,0,0,,,,,,0,0,0,0,,,,,,,,,,,,,,,,,,,,,,,,,,,,,,,,,,#D292F3,None,None,None,None,379.2901039123535,reading_bl_training_text,18,0,Reading_Baseline_training_click,None,Treiben.,,,,,,,,,,,05,01,no,2025-06-30_13h02.36.220,EXNAT_4_Training_Psychopy2024.2.5,2024.2.5,2025-06-30 13h03.18.029267 +0200,
,,0,0,0,,,,,,0,0,0,0,,,,,,,,,,,,,,,,,,,,,,,,,,,,,,,,,,#D292F3,None,None,None,None,475.77905654907227,reading_bl_training_text,19,0,Reading_Baseline_training_click,None,Einige,,,,,,,,,,,05,01,no,2025-06-30_13h02.36.220,EXNAT_4_Training_Psychopy2024.2.5,2024.2.5,2025-06-30 13h03.18.029267 +0200,
,,0,0,0,,,,,,0,0,0,0,,,,,,,,,,,,,,,,,,,,,,,,,,,,,,,,,,#F989A2,None,None,None,None,368.76630783081055,reading_bl_training_text,20,0,Reading_Baseline_training_click,None,Reporter,,,,,,,,,,,05,01,no,2025-06-30_13h02.36.220,EXNAT_4_Training_Psychopy2024.2.5,2024.2.5,2025-06-30 13h03.18.029267 +0200,
,,0,0,0,,,,,,0,0,0,0,,,,,,,,,,,,,,,,,,,,,,,,,,,,,,,,,,#2AB7EF,None,None,None,None,367.478609085083,reading_bl_training_text,21,0,Reading_Baseline_training_click,None,interviewten,,,,,,,,,,,05,01,no,2025-06-30_13h02.36.220,EXNAT_4_Training_Psychopy2024.2.5,2024.2.5,2025-06-30 13h03.18.029267 +0200,
,,0,0,0,,,,,,0,0,0,0,,,,,,,,,,,,,,,,,,,,,,,,,,,,,,,,,,#2AB7EF,None,None,None,None,398.684024810791,reading_bl_training_text,22,0,Reading_Baseline_training_click,None,den,,,,,,,,,,,05,01,no,2025-06-30_13h02.36.220,EXNAT_4_Training_Psychopy2024.2.5,2024.2.5,2025-06-30 13h03.18.029267 +0200,
,,0,0,0,,,,,,0,0,0,0,,,,,,,,,,,,,,,,,,,,,,,,,,,,,,,,,,#D292F3,None,None,None,None,394.43349838256836,reading_bl_training_text,23,0,Reading_Baseline_training_click,None,berühmten,,,,,,,,,,,05,01,no,2025-06-30_13h02.36.220,EXNAT_4_Training_Psychopy2024.2.5,2024.2.5,2025-06-30 13h03.18.029267 +0200,
,,0,0,0,,,,,,0,0,0,0,,,,,,,,,,,,,,,,,,,,,,,,,,,,,,,,,,#F989A2,None,None,None,None,461.9126319885254,reading_bl_training_text,24,0,Reading_Baseline_training_click,None,Weltschachmeister,,,,,,,,,,,05,01,no,2025-06-30_13h02.36.220,EXNAT_4_Training_Psychopy2024.2.5,2024.2.5,2025-06-30 13h03.18.029267 +0200,
,,0,0,0,,,,,,0,0,0,0,,,,,,,,,,,,,,,,,,,,,,,,,,,,,,,,,,#2AB7EF,None,None,None,None,900.928258895874,reading_bl_training_text,25,0,Reading_Baseline_training_click,None,Mirko,,,,,,,,,,,05,01,no,2025-06-30_13h02.36.220,EXNAT_4_Training_Psychopy2024.2.5,2024.2.5,2025-06-30 13h03.18.029267 +0200,
,,0,0,0,,,,,,0,0,0,0,,,,,,,,,,,,,,,,,,,,,,,,,,,,,,,,,,#88BA3F,None,None,None,None,1040.917158126831,reading_bl_training_text,26,0,Reading_Baseline_training_click,None,"Czentovic,",,,,,,,,,,,05,01,no,2025-06-30_13h02.36.220,EXNAT_4_Training_Psychopy2024.2.5,2024.2.5,2025-06-30 13h03.18.029267 +0200,
,,0,0,0,,,,,,0,0,0,0,,,,,,,,,,,,,,,,,,,,,,,,,,,,,,,,,,#2AB7EF,None,None,None,None,439.09430503845215,reading_bl_training_text,27,0,Reading_Baseline_training_click,None,der,,,,,,,,,,,05,01,no,2025-06-30_13h02.36.220,EXNAT_4_Training_Psychopy2024.2.5,2024.2.5,2025-06-30 13h03.18.029267 +0200,
,,0,0,0,,,,,,0,0,0,0,,,,,,,,,,,,,,,,,,,,,,,,,,,,,,,,,,#F989A2,None,None,None,None,659.1300964355469,reading_bl_training_text,28,0,Reading_Baseline_training_click,None,nach,,,,,,,,,,,05,01,no,2025-06-30_13h02.36.220,EXNAT_4_Training_Psychopy2024.2.5,2024.2.5,2025-06-30 13h03.18.029267 +0200,
,,0,0,0,,,,,,0,0,0,0,,,,,,,,,,,,,,,,,,,,,,,,,,,,,,,,,,#D292F3,None,None,None,None,659.4982147216797,reading_bl_training_text,29,0,Reading_Baseline_training_click,None,Argentinien,,,,,,,,,,,05,01,no,2025-06-30_13h02.36.220,EXNAT_4_Training_Psychopy2024.2.5,2024.2.5,2025-06-30 13h03.18.029267 +0200,
,,0,0,0,,,,,,0,0,0,0,,,,,,,,,,,,,,,,,,,,,,,,,,,,,,,,,,#F989A2,None,None,None,None,628.8101673126221,reading_bl_training_text,30,0,Reading_Baseline_training_click,None,reiste.,,,,,,,,,,,05,01,no,2025-06-30_13h02.36.220,EXNAT_4_Training_Psychopy2024.2.5,2024.2.5,2025-06-30 13h03.18.029267 +0200,
,,0,0,0,,,,,,0,0,0,0,,,,,,,,,,,,,,,,,,,,,,,,,,,,,,,,,,,,1,,,,reading_bl_training_text,,,Reading_Baseline_training_click,,,265.94297790527344,Q1,a,True,1,None,,,,,05,01,no,2025-06-30_13h02.36.220,EXNAT_4_Training_Psychopy2024.2.5,2024.2.5,2025-06-30 13h03.18.029267 +0200,
,,0,0,0,,,,,,0,0,0,0,,,,,,,,,,,,,,,,,,,,,,,,,,,,,,,,,,,,3,,,,reading_bl_training_text,,,Reading_Baseline_training_click,,,271.85647082328796,Q2,c,True,1,None,,,,,05,01,no,2025-06-30_13h02.36.220,EXNAT_4_Training_Psychopy2024.2.5,2024.2.5,2025-06-30 13h03.18.029267 +0200,
,,0,0,0,,,,,,0,0,0,0,,,,,,,,,,,,,,,,,,,,,,,,,,,,,,,,,,,,2,,,,reading_bl_training_text,,,Reading_Baseline_training_click,,,276.55176067352295,Q3,b,False,1,None,,,,,05,01,no,2025-06-30_13h02.36.220,EXNAT_4_Training_Psychopy2024.2.5,2024.2.5,2025-06-30 13h03.18.029267 +0200,
,,0,0,0,,,,,,0,0,0,0,,,,,,,,,,,,,,,,,,,,,,,,,,,,,,,,,,,,,,,,,,,,,,,,,,,,282.48691296577454,282.4869439601898,,,05,01,no,2025-06-30_13h02.36.220,EXNAT_4_Training_Psychopy2024.2.5,2024.2.5,2025-06-30 13h03.18.029267 +0200,
,,1,0,1,,,,,,1,0,1,0,282.50476121902466,,,,,,,,,,,,,,,,,,,,,,,,,,,,,,,282.50510454177856,282.5051441192627,#F989A2,None,None,None,None,401.1194705963135,text_07,1,1,Reading_Baseline_main_click,None,Der,,,,,,,,,,,05,01,no,2025-06-30_13h02.36.220,EXNAT_4_Training_Psychopy2024.2.5,2024.2.5,2025-06-30 13h03.18.029267 +0200,
,,1,0,1,,,,,,1,0,1,0,,,,,,,,,,,,,,,,,,,,,,,,,,,,,,,,,,#88BA3F,None,None,None,None,404.0987491607666,text_07,2,1,Reading_Baseline_main_click,None,Kölner,,,,,,,,,,,05,01,no,2025-06-30_13h02.36.220,EXNAT_4_Training_Psychopy2024.2.5,2024.2.5,2025-06-30 13h03.18.029267 +0200,
,,1,0,1,,,,,,1,0,1,0,,,,,,,,,,,,,,,,,,,,,,,,,,,,,,,,,,#88BA3F,None,None,None,None,547.1999645233154,text_07,3,1,Reading_Baseline_main_click,None,Fotograf,,,,,,,,,,,05,01,no,2025-06-30_13h02.36.220,EXNAT_4_Training_Psychopy2024.2.5,2024.2.5,2025-06-30 13h03.18.029267 +0200,
,,1,0,1,,,,,,1,0,1,0,,,,,,,,,,,,,,,,,,,,,,,,,,,,,,,,,,#88BA3F,None,None,None,None,532.8319072723389,text_07,4,1,Reading_Baseline_main_click,None,Tobias,,,,,,,,,,,05,01,no,2025-06-30_13h02.36.220,EXNAT_4_Training_Psychopy2024.2.5,2024.2.5,2025-06-30 13h03.18.029267 +0200,
,,1,0,1,,,,,,1,0,1,0,,,,,,,,,,,,,,,,,,,,,,,,,,,,,,,,,,#2AB7EF,None,None,None,None,445.1475143432617,text_07,5,1,Reading_Baseline_main_click,None,Zimmer,,,,,,,,,,,05,01,no,2025-06-30_13h02.36.220,EXNAT_4_Training_Psychopy2024.2.5,2024.2.5,2025-06-30 13h03.18.029267 +0200,
,,1,0,1,,,,,,1,0,1,0,,,,,,,,,,,,,,,,,,,,,,,,,,,,,,,,,,#F989A2,None,None,None,None,497.85304069519043,text_07,6,1,Reading_Baseline_main_click,None,taucht,,,,,,,,,,,05,01,no,2025-06-30_13h02.36.220,EXNAT_4_Training_Psychopy2024.2.5,2024.2.5,2025-06-30 13h03.18.029267 +0200,
,,1,0,1,,,,,,1,0,1,0,,,,,,,,,,,,,,,,,,,,,,,,,,,,,,,,,,#D292F3,None,None,None,None,425.642728805542,text_07,7,1,Reading_Baseline_main_click,None,im,,,,,,,,,,,05,01,no,2025-06-30_13h02.36.220,EXNAT_4_Training_Psychopy2024.2.5,2024.2.5,2025-06-30 13h03.18.029267 +0200,
,,1,0,1,,,,,,1,0,1,0,,,,,,,,,,,,,,,,,,,,,,,,,,,,,,,,,,#2AB7EF,None,None,None,None,493.6490058898926,text_07,8,1,Reading_Baseline_main_click,None,indonesischen,,,,,,,,,,,05,01,no,2025-06-30_13h02.36.220,EXNAT_4_Training_Psychopy2024.2.5,2024.2.5,2025-06-30 13h03.18.029267 +0200,
,,1,0,1,,,,,,1,0,1,0,,,,,,,,,,,,,,,,,,,,,,,,,,,,,,,,,,#F989A2,None,None,None,None,446.6416835784912,text_07,9,1,Reading_Baseline_main_click,None,Raja,,,,,,,,,,,05,01,no,2025-06-30_13h02.36.220,EXNAT_4_Training_Psychopy2024.2.5,2024.2.5,2025-06-30 13h03.18.029267 +0200,
,,1,0,1,,,,,,1,0,1,0,,,,,,,,,,,,,,,,,,,,,,,,,,,,,,,,,,#D292F3,None,None,None,None,603.154182434082,text_07,10,1,Reading_Baseline_main_click,None,"Ampat,",,,,,,,,,,,05,01,no,2025-06-30_13h02.36.220,EXNAT_4_Training_Psychopy2024.2.5,2024.2.5,2025-06-30 13h03.18.029267 +0200,
,,1,0,1,,,,,,1,0,1,0,,,,,,,,,,,,,,,,,,,,,,,,,,,,,,,,,,#D292F3,None,None,None,None,681.8764209747314,text_07,11,1,Reading_Baseline_main_click,None,einem,,,,,,,,,,,05,01,no,2025-06-30_13h02.36.220,EXNAT_4_Training_Psychopy2024.2.5,2024.2.5,2025-06-30 13h03.18.029267 +0200,
,,1,0,1,,,,,,1,0,1,0,,,,,,,,,,,,,,,,,,,,,,,,,,,,,,,,,,#2AB7EF,None,None,None,None,563.899040222168,text_07,12,1,Reading_Baseline_main_click,None,Ort,,,,,,,,,,,05,01,no,2025-06-30_13h02.36.220,EXNAT_4_Training_Psychopy2024.2.5,2024.2.5,2025-06-30 13h03.18.029267 +0200,
,,1,0,1,,,,,,1,0,1,0,,,,,,,,,,,,,,,,,,,,,,,,,,,,,,,,,,#88BA3F,None,None,None,None,476.44805908203125,text_07,13,1,Reading_Baseline_main_click,None,mit,,,,,,,,,,,05,01,no,2025-06-30_13h02.36.220,EXNAT_4_Training_Psychopy2024.2.5,2024.2.5,2025-06-30 13h03.18.029267 +0200,
,,1,0,1,,,,,,1,0,1,0,,,,,,,,,,,,,,,,,,,,,,,,,,,,,,,,,,#D292F3,None,None,None,None,417.83738136291504,text_07,14,1,Reading_Baseline_main_click,None,großer,,,,,,,,,,,05,01,no,2025-06-30_13h02.36.220,EXNAT_4_Training_Psychopy2024.2.5,2024.2.5,2025-06-30 13h03.18.029267 +0200,
,,1,0,1,,,,,,1,0,1,0,,,,,,,,,,,,,,,,,,,,,,,,,,,,,,,,,,#88BA3F,None,None,None,None,562.4589920043945,text_07,15,1,Reading_Baseline_main_click,None,Artenvielfalt,,,,,,,,,,,05,01,no,2025-06-30_13h02.36.220,EXNAT_4_Training_Psychopy2024.2.5,2024.2.5,2025-06-30 13h03.18.029267 +0200,
,,1,0,1,,,,,,1,0,1,0,,,,,,,,,,,,,,,,,,,,,,,,,,,,,,,,,,#D292F3,None,None,None,None,439.9247169494629,text_07,16,1,Reading_Baseline_main_click,None,unter,,,,,,,,,,,05,01,no,2025-06-30_13h02.36.220,EXNAT_4_Training_Psychopy2024.2.5,2024.2.5,2025-06-30 13h03.18.029267 +0200,
,,1,0,1,,,,,,1,0,1,0,,,,,,,,,,,,,,,,,,,,,,,,,,,,,,,,,,#D292F3,None,None,None,None,395.7498073577881,text_07,17,1,Reading_Baseline_main_click,None,Wasser.,,,,,,,,,,,05,01,no,2025-06-30_13h02.36.220,EXNAT_4_Training_Psychopy2024.2.5,2024.2.5,2025-06-30 13h03.18.029267 +0200,
,,1,0,1,,,,,,1,0,1,0,,,,,,,,,,,,,,,,,,,,,,,,,,,,,,,,,,#F989A2,None,None,None,None,476.12571716308594,text_07,18,1,Reading_Baseline_main_click,None,Hier,,,,,,,,,,,05,01,no,2025-06-30_13h02.36.220,EXNAT_4_Training_Psychopy2024.2.5,2024.2.5,2025-06-30 13h03.18.029267 +0200,
,,1,0,1,,,,,,1,0,1,0,,,,,,,,,,,,,,,,,,,,,,,,,,,,,,,,,,#2AB7EF,None,None,None,None,489.95184898376465,text_07,19,1,Reading_Baseline_main_click,None,fotografiert,,,,,,,,,,,05,01,no,2025-06-30_13h02.36.220,EXNAT_4_Training_Psychopy2024.2.5,2024.2.5,2025-06-30 13h03.18.029267 +0200,
,,1,0,1,,,,,,1,0,1,0,,,,,,,,,,,,,,,,,,,,,,,,,,,,,,,,,,#88BA3F,None,None,None,None,461.98487281799316,text_07,20,1,Reading_Baseline_main_click,None,er,,,,,,,,,,,05,01,no,2025-06-30_13h02.36.220,EXNAT_4_Training_Psychopy2024.2.5,2024.2.5,2025-06-30 13h03.18.029267 +0200,
,,1,0,1,,,,,,1,0,1,0,,,,,,,,,,,,,,,,,,,,,,,,,,,,,,,,,,#F989A2,None,None,None,None,492.3558235168457,text_07,21,1,Reading_Baseline_main_click,None,viele,,,,,,,,,,,05,01,no,2025-06-30_13h02.36.220,EXNAT_4_Training_Psychopy2024.2.5,2024.2.5,2025-06-30 13h03.18.029267 +0200,
,,1,0,1,,,,,,1,0,1,0,,,,,,,,,,,,,,,,,,,,,,,,,,,,,,,,,,#88BA3F,None,None,None,None,499.6373653411865,text_07,22,1,Reading_Baseline_main_click,None,einzigartige,,,,,,,,,,,05,01,no,2025-06-30_13h02.36.220,EXNAT_4_Training_Psychopy2024.2.5,2024.2.5,2025-06-30 13h03.18.029267 +0200,
,,1,0,1,,,,,,1,0,1,0,,,,,,,,,,,,,,,,,,,,,,,,,,,,,,,,,,#2AB7EF,None,None,None,None,663.9387607574463,text_07,23,1,Reading_Baseline_main_click,None,"Meereslebewesen,",,,,,,,,,,,05,01,no,2025-06-30_13h02.36.220,EXNAT_4_Training_Psychopy2024.2.5,2024.2.5,2025-06-30 13h03.18.029267 +0200,
,,1,0,1,,,,,,1,0,1,0,,,,,,,,,,,,,,,,,,,,,,,,,,,,,,,,,,#F989A2,None,None,None,None,504.3339729309082,text_07,24,1,Reading_Baseline_main_click,None,wie,,,,,,,,,,,05,01,no,2025-06-30_13h02.36.220,EXNAT_4_Training_Psychopy2024.2.5,2024.2.5,2025-06-30 13h03.18.029267 +0200,
,,1,0,1,,,,,,1,0,1,0,,,,,,,,,,,,,,,,,,,,,,,,,,,,,,,,,,#2AB7EF,None,None,None,None,524.608850479126,text_07,25,1,Reading_Baseline_main_click,None,farbenfrohe,,,,,,,,,,,05,01,no,2025-06-30_13h02.36.220,EXNAT_4_Training_Psychopy2024.2.5,2024.2.5,2025-06-30 13h03.18.029267 +0200,
,,1,0,1,,,,,,1,0,1,0,,,,,,,,,,,,,,,,,,,,,,,,,,,,,,,,,,#D292F3,None,None,None,None,395.8282470703125,text_07,26,1,Reading_Baseline_main_click,None,"Fische,",,,,,,,,,,,05,01,no,2025-06-30_13h02.36.220,EXNAT_4_Training_Psychopy2024.2.5,2024.2.5,2025-06-30 13h03.18.029267 +0200,
,,1,0,1,,,,,,1,0,1,0,,,,,,,,,,,,,,,,,,,,,,,,,,,,,,,,,,#F989A2,None,None,None,None,381.9773197174072,text_07,27,1,Reading_Baseline_main_click,None,"Haie,",,,,,,,,,,,05,01,no,2025-06-30_13h02.36.220,EXNAT_4_Training_Psychopy2024.2.5,2024.2.5,2025-06-30 13h03.18.029267 +0200,
,,1,0,1,,,,,,1,0,1,0,,,,,,,,,,,,,,,,,,,,,,,,,,,,,,,,,,#88BA3F,None,None,None,None,426.26047134399414,text_07,28,1,Reading_Baseline_main_click,None,Rochen,,,,,,,,,,,05,01,no,2025-06-30_13h02.36.220,EXNAT_4_Training_Psychopy2024.2.5,2024.2.5,2025-06-30 13h03.18.029267 +0200,
,,1,0,1,,,,,,1,0,1,0,,,,,,,,,,,,,,,,,,,,,,,,,,,,,,,,,,#88BA3F,None,None,None,None,425.71091651916504,text_07,29,1,Reading_Baseline_main_click,None,und,,,,,,,,,,,05,01,no,2025-06-30_13h02.36.220,EXNAT_4_Training_Psychopy2024.2.5,2024.2.5,2025-06-30 13h03.18.029267 +0200,
,,1,0,1,,,,,,1,0,1,0,,,,,,,,,,,,,,,,,,,,,,,,,,,,,,,,,,#F989A2,None,None,None,None,565.009355545044,text_07,30,1,Reading_Baseline_main_click,None,Pygmäen-Seepferdchen.,,,,,,,,,,,05,01,no,2025-06-30_13h02.36.220,EXNAT_4_Training_Psychopy2024.2.5,2024.2.5,2025-06-30 13h03.18.029267 +0200,
,,1,0,1,,,,,,1,0,1,0,,,,,,,,,,,,,,,,,,,,,,,,,,,,,,,,,,,,3,,,,text_07,,,Reading_Baseline_main_click,,,307.1981987953186,Q1,c,True,2,None,,,,,05,01,no,2025-06-30_13h02.36.220,EXNAT_4_Training_Psychopy2024.2.5,2024.2.5,2025-06-30 13h03.18.029267 +0200,
,,1,0,1,,,,,,1,0,1,0,,,,,,,,,,,,,,,,,,,,,,,,,,,,,,,,,,,,1,,,,text_07,,,Reading_Baseline_main_click,,,312.73450469970703,Q2,a,False,2,None,,,,,05,01,no,2025-06-30_13h02.36.220,EXNAT_4_Training_Psychopy2024.2.5,2024.2.5,2025-06-30 13h03.18.029267 +0200,
,,1,0,1,,,,,,1,0,1,0,,,,,,,,,,,,,,,,,,,,,,,,,,,,,,,,,,,,1,,,,text_07,,,Reading_Baseline_main_click,,,318.0066728591919,Q3,a,True,2,None,,,,,05,01,no,2025-06-30_13h02.36.220,EXNAT_4_Training_Psychopy2024.2.5,2024.2.5,2025-06-30 13h03.18.029267 +0200,
,,1,0,1,,,,,,1,0,1,0,,,,,,,,,,,,,,,,,,,,,,,,,,,,,,,,,,,,,,,,,,,,,,,,,,,,324.6589906215668,324.65902495384216,,,05,01,no,2025-06-30_13h02.36.220,EXNAT_4_Training_Psychopy2024.2.5,2024.2.5,2025-06-30 13h03.18.029267 +0200,
,,2,0,2,,,,,,2,0,2,0,324.6774916648865,,,,,,,,,,,,,,,,,,,,,,,,,,,,,,,,,#2AB7EF,False,space,correct rejection,None,2286.8335247039795,,1,2,1back_single_training1,1,,,,,,,,,,,,05,01,no,2025-06-30_13h02.36.220,EXNAT_4_Training_Psychopy2024.2.5,2024.2.5,2025-06-30 13h03.18.029267 +0200,
,,2,0,2,,,,,,2,0,2,0,,,,,,,,,,,,,,,,,,,,,,,,,,,,,,,,,,#F989A2,False,space,correct rejection,None,654.8287868499756,,2,2,1back_single_training1,1,,,,,,,,,,,,05,01,no,2025-06-30_13h02.36.220,EXNAT_4_Training_Psychopy2024.2.5,2024.2.5,2025-06-30 13h03.18.029267 +0200,
,,2,0,2,,,,,,2,0,2,0,,,,,,,,,,,,,,,,,,,,,,,,,,,,,,,,,,#88BA3F,False,space,correct rejection,None,345.75653076171875,,3,2,1back_single_training1,1,,,,,,,,,,,,05,01,no,2025-06-30_13h02.36.220,EXNAT_4_Training_Psychopy2024.2.5,2024.2.5,2025-06-30 13h03.18.029267 +0200,
,,2,0,2,,,,,,2,0,2,0,,,,,,,,,,,,,,,,,,,,,,,,,,,,,,,,,,#2AB7EF,False,space,correct rejection,None,1271.5024948120117,,4,2,1back_single_training1,1,,,,,,,,,,,,05,01,no,2025-06-30_13h02.36.220,EXNAT_4_Training_Psychopy2024.2.5,2024.2.5,2025-06-30 13h03.18.029267 +0200,
,,2,0,2,,,,,,2,0,2,0,,,,,,,,,,,,,,,,,,,,,,,,,,,,,,,,,,#D292F3,False,space,correct rejection,None,635.7934474945068,,5,2,1back_single_training1,1,,,,,,,,,,,,05,01,no,2025-06-30_13h02.36.220,EXNAT_4_Training_Psychopy2024.2.5,2024.2.5,2025-06-30 13h03.18.029267 +0200,
,,2,0,2,,,,,,2,0,2,0,,,,,,,,,,,,,,,,,,,,,,,,,,,,,,,,,,#D292F3,True,l,hit,571.5546607971191,1102.2396087646484,,6,2,1back_single_training1,1,,,,,,,,,,,,05,01,no,2025-06-30_13h02.36.220,EXNAT_4_Training_Psychopy2024.2.5,2024.2.5,2025-06-30 13h03.18.029267 +0200,
,,2,0,2,,,,,,2,0,2,0,,,,,,,,,,,,,,,,,,,,,,,,,,,,,,,,,,#D292F3,True,l,hit,639.6703720092773,976.5009880065918,,7,2,1back_single_training1,1,,,,,,,,,,,,05,01,no,2025-06-30_13h02.36.220,EXNAT_4_Training_Psychopy2024.2.5,2024.2.5,2025-06-30 13h03.18.029267 +0200,
,,2,0,2,,,,,,2,0,2,0,,,,,,,,,,,,,,,,,,,,,,,,,,,,,,,,,,#F989A2,False,space,correct rejection,None,569.7901248931885,,8,2,1back_single_training1,1,,,,,,,,,,,,05,01,no,2025-06-30_13h02.36.220,EXNAT_4_Training_Psychopy2024.2.5,2024.2.5,2025-06-30 13h03.18.029267 +0200,
,,2,0,2,,,,,,2,0,2,0,,,,,,,,,,,,,,,,,,,,,,,,,,,,,,,,,,#88BA3F,False,space,correct rejection,None,490.01049995422363,,9,2,1back_single_training1,1,,,,,,,,,,,,05,01,no,2025-06-30_13h02.36.220,EXNAT_4_Training_Psychopy2024.2.5,2024.2.5,2025-06-30 13h03.18.029267 +0200,
,,2,0,2,,,,,,2,0,2,0,,,,,,,,,,,,,,,,,,,,,,,,,,,,,,,,,,#D292F3,False,space,correct rejection,None,606.8110466003418,,10,2,1back_single_training1,1,,,,,,,,,,,,05,01,no,2025-06-30_13h02.36.220,EXNAT_4_Training_Psychopy2024.2.5,2024.2.5,2025-06-30 13h03.18.029267 +0200,
,,2,0,2,,,,,,2,0,2,0,,,,,,,,,,,,,,,,,,,,,,,,,,,,,,,,,,#2AB7EF,False,space,correct rejection,None,558.6891174316406,,11,2,1back_single_training1,1,,,,,,,,,,,,05,01,no,2025-06-30_13h02.36.220,EXNAT_4_Training_Psychopy2024.2.5,2024.2.5,2025-06-30 13h03.18.029267 +0200,
,,2,0,2,,,,,,2,0,2,0,,,,,,,,,,,,,,,,,,,,,,,,,,,,,,,,,,#F989A2,False,space,correct rejection,None,549.1230487823486,,12,2,1back_single_training1,1,,,,,,,,,,,,05,01,no,2025-06-30_13h02.36.220,EXNAT_4_Training_Psychopy2024.2.5,2024.2.5,2025-06-30 13h03.18.029267 +0200,
,,2,0,2,,,,,,2,0,2,0,,,,,,,,,,,,,,,,,,,,,,,,,,,,,,,,,,#2AB7EF,False,space,correct rejection,None,719.8276519775391,,13,2,1back_single_training1,1,,,,,,,,,,,,05,01,no,2025-06-30_13h02.36.220,EXNAT_4_Training_Psychopy2024.2.5,2024.2.5,2025-06-30 13h03.18.029267 +0200,
,,2,0,2,,,,,,2,0,2,0,,,,,,,,,,,,,,,,,,,,,,,,,,,,,,,,,,#2AB7EF,True,l,hit,381.2234401702881,670.607328414917,,14,2,1back_single_training1,1,,,,,,,,,,,,05,01,no,2025-06-30_13h02.36.220,EXNAT_4_Training_Psychopy2024.2.5,2024.2.5,2025-06-30 13h03.18.029267 +0200,
,,2,0,2,,,,,,2,0,2,0,,,,,,,,,,,,,,,,,,,,,,,,,,,,,,,,,,#88BA3F,False,space,correct rejection,None,686.3672733306885,,15,2,1back_single_training1,1,,,,,,,,,,,,05,01,no,2025-06-30_13h02.36.220,EXNAT_4_Training_Psychopy2024.2.5,2024.2.5,2025-06-30 13h03.18.029267 +0200,
,,2,0,2,,,,,,2,0,2,0,,,,,,,,,,,,,,,,,,,,,,,,,,,,,,,,,,#88BA3F,True,l,hit,444.2744255065918,695.8434581756592,,16,2,1back_single_training1,1,,,,,,,,,,,,05,01,no,2025-06-30_13h02.36.220,EXNAT_4_Training_Psychopy2024.2.5,2024.2.5,2025-06-30 13h03.18.029267 +0200,
,,2,0,2,,,,,,2,0,2,0,,,,,,,,,,,,,,,,,,,,,,,,,,,,,,,,,,#D292F3,False,space,correct rejection,None,809.4029426574707,,17,2,1back_single_training1,1,,,,,,,,,,,,05,01,no,2025-06-30_13h02.36.220,EXNAT_4_Training_Psychopy2024.2.5,2024.2.5,2025-06-30 13h03.18.029267 +0200,
,,2,0,2,,,,,,2,0,2,0,,,,,,,,,,,,,,,,,,,,,,,,,,,,,,,,,,#D292F3,True,l,hit,486.558198928833,722.1434116363525,,18,2,1back_single_training1,1,,,,,,,,,,,,05,01,no,2025-06-30_13h02.36.220,EXNAT_4_Training_Psychopy2024.2.5,2024.2.5,2025-06-30 13h03.18.029267 +0200,
,,2,0,2,,,,,,2,0,2,0,,,,,,,,,,,,,,,,,,,,,,,,,,,,,,,,,,#2AB7EF,False,space,correct rejection,None,552.1998405456543,,19,2,1back_single_training1,1,,,,,,,,,,,,05,01,no,2025-06-30_13h02.36.220,EXNAT_4_Training_Psychopy2024.2.5,2024.2.5,2025-06-30 13h03.18.029267 +0200,
,,2,0,2,,,,,,2,0,2,0,,,,,,,,,,,,,,,,,,,,,,,,,,,,,,,,,,#F989A2,False,space,correct rejection,None,611.5128993988037,,20,2,1back_single_training1,1,,,,,,,,,,,,05,01,no,2025-06-30_13h02.36.220,EXNAT_4_Training_Psychopy2024.2.5,2024.2.5,2025-06-30 13h03.18.029267 +0200,
,,2,0,2,,,,,,2,0,2,0,,,,,,,,,,,,,,,,,,,,,,,,,,,,,,,,,,#88BA3F,False,space,correct rejection,None,1249.5508193969727,,1,3,1back_single_training2,1,,,,,,,,,,,,05,01,no,2025-06-30_13h02.36.220,EXNAT_4_Training_Psychopy2024.2.5,2024.2.5,2025-06-30 13h03.18.029267 +0200,
,,2,0,2,,,,,,2,0,2,0,,,,,,,,,,,,,,,,,,,,,,,,,,,,,,,,,,#D292F3,False,space,correct rejection,None,479.08687591552734,,2,3,1back_single_training2,1,,,,,,,,,,,,05,01,no,2025-06-30_13h02.36.220,EXNAT_4_Training_Psychopy2024.2.5,2024.2.5,2025-06-30 13h03.18.029267 +0200,
,,2,0,2,,,,,,2,0,2,0,,,,,,,,,,,,,,,,,,,,,,,,,,,,,,,,,,#F989A2,False,l,false alarm,501.7812252044678,786.8771553039551,,3,3,1back_single_training2,1,,,,,,,,,,,,05,01,no,2025-06-30_13h02.36.220,EXNAT_4_Training_Psychopy2024.2.5,2024.2.5,2025-06-30 13h03.18.029267 +0200,
,,2,0,2,,,,,,2,0,2,0,,,,,,,,,,,,,,,,,,,,,,,,,,,,,,,,,,#88BA3F,False,space,correct rejection,None,562.0501041412354,,4,3,1back_single_training2,1,,,,,,,,,,,,05,01,no,2025-06-30_13h02.36.220,EXNAT_4_Training_Psychopy2024.2.5,2024.2.5,2025-06-30 13h03.18.029267 +0200,
,,2,0,2,,,,,,2,0,2,0,,,,,,,,,,,,,,,,,,,,,,,,,,,,,,,,,,#F989A2,False,space,correct rejection,None,423.83289337158203,,5,3,1back_single_training2,1,,,,,,,,,,,,05,01,no,2025-06-30_13h02.36.220,EXNAT_4_Training_Psychopy2024.2.5,2024.2.5,2025-06-30 13h03.18.029267 +0200,
,,2,0,2,,,,,,2,0,2,0,,,,,,,,,,,,,,,,,,,,,,,,,,,,,,,,,,#F989A2,True,l,hit,386.48176193237305,592.0455455780029,,6,3,1back_single_training2,1,,,,,,,,,,,,05,01,no,2025-06-30_13h02.36.220,EXNAT_4_Training_Psychopy2024.2.5,2024.2.5,2025-06-30 13h03.18.029267 +0200,
,,2,0,2,,,,,,2,0,2,0,,,,,,,,,,,,,,,,,,,,,,,,,,,,,,,,,,#88BA3F,False,space,correct rejection,None,598.1042385101318,,7,3,1back_single_training2,1,,,,,,,,,,,,05,01,no,2025-06-30_13h02.36.220,EXNAT_4_Training_Psychopy2024.2.5,2024.2.5,2025-06-30 13h03.18.029267 +0200,
,,2,0,2,,,,,,2,0,2,0,,,,,,,,,,,,,,,,,,,,,,,,,,,,,,,,,,#2AB7EF,False,space,correct rejection,None,470.8876609802246,,8,3,1back_single_training2,1,,,,,,,,,,,,05,01,no,2025-06-30_13h02.36.220,EXNAT_4_Training_Psychopy2024.2.5,2024.2.5,2025-06-30 13h03.18.029267 +0200,
,,2,0,2,,,,,,2,0,2,0,,,,,,,,,,,,,,,,,,,,,,,,,,,,,,,,,,#2AB7EF,True,l,hit,379.72402572631836,591.0022258758545,,9,3,1back_single_training2,1,,,,,,,,,,,,05,01,no,2025-06-30_13h02.36.220,EXNAT_4_Training_Psychopy2024.2.5,2024.2.5,2025-06-30 13h03.18.029267 +0200,
,,2,0,2,,,,,,2,0,2,0,,,,,,,,,,,,,,,,,,,,,,,,,,,,,,,,,,#F989A2,False,space,correct rejection,None,512.9368305206299,,10,3,1back_single_training2,1,,,,,,,,,,,,05,01,no,2025-06-30_13h02.36.220,EXNAT_4_Training_Psychopy2024.2.5,2024.2.5,2025-06-30 13h03.18.029267 +0200,
,,2,0,2,,,,,,2,0,2,0,,,,,,,,,,,,,,,,,,,,,,,,,,,,,,,,,,#D292F3,False,space,correct rejection,None,466.9947624206543,,11,3,1back_single_training2,1,,,,,,,,,,,,05,01,no,2025-06-30_13h02.36.220,EXNAT_4_Training_Psychopy2024.2.5,2024.2.5,2025-06-30 13h03.18.029267 +0200,
,,2,0,2,,,,,,2,0,2,0,,,,,,,,,,,,,,,,,,,,,,,,,,,,,,,,,,#D292F3,True,l,hit,524.4302749633789,678.5283088684082,,12,3,1back_single_training2,1,,,,,,,,,,,,05,01,no,2025-06-30_13h02.36.220,EXNAT_4_Training_Psychopy2024.2.5,2024.2.5,2025-06-30 13h03.18.029267 +0200,
,,2,0,2,,,,,,2,0,2,0,,,,,,,,,,,,,,,,,,,,,,,,,,,,,,,,,,#F989A2,False,space,correct rejection,None,431.38575553894043,,13,3,1back_single_training2,1,,,,,,,,,,,,05,01,no,2025-06-30_13h02.36.220,EXNAT_4_Training_Psychopy2024.2.5,2024.2.5,2025-06-30 13h03.18.029267 +0200,
,,2,0,2,,,,,,2,0,2,0,,,,,,,,,,,,,,,,,,,,,,,,,,,,,,,,,,#2AB7EF,False,space,correct rejection,None,436.8624687194824,,14,3,1back_single_training2,1,,,,,,,,,,,,05,01,no,2025-06-30_13h02.36.220,EXNAT_4_Training_Psychopy2024.2.5,2024.2.5,2025-06-30 13h03.18.029267 +0200,
,,2,0,2,,,,,,2,0,2,0,,,,,,,,,,,,,,,,,,,,,,,,,,,,,,,,,,#88BA3F,False,space,correct rejection,None,438.2138252258301,,15,3,1back_single_training2,1,,,,,,,,,,,,05,01,no,2025-06-30_13h02.36.220,EXNAT_4_Training_Psychopy2024.2.5,2024.2.5,2025-06-30 13h03.18.029267 +0200,
,,2,0,2,,,,,,2,0,2,0,,,,,,,,,,,,,,,,,,,,,,,,,,,,,,,,,,#88BA3F,True,l,hit,418.8251495361328,558.6698055267334,,16,3,1back_single_training2,1,,,,,,,,,,,,05,01,no,2025-06-30_13h02.36.220,EXNAT_4_Training_Psychopy2024.2.5,2024.2.5,2025-06-30 13h03.18.029267 +0200,
,,2,0,2,,,,,,2,0,2,0,,,,,,,,,,,,,,,,,,,,,,,,,,,,,,,,,,#88BA3F,True,l,hit,494.4343566894531,639.136552810669,,17,3,1back_single_training2,1,,,,,,,,,,,,05,01,no,2025-06-30_13h02.36.220,EXNAT_4_Training_Psychopy2024.2.5,2024.2.5,2025-06-30 13h03.18.029267 +0200,
,,2,0,2,,,,,,2,0,2,0,,,,,,,,,,,,,,,,,,,,,,,,,,,,,,,,,,#D292F3,False,space,correct rejection,None,472.05424308776855,,18,3,1back_single_training2,1,,,,,,,,,,,,05,01,no,2025-06-30_13h02.36.220,EXNAT_4_Training_Psychopy2024.2.5,2024.2.5,2025-06-30 13h03.18.029267 +0200,
,,2,0,2,,,,,,2,0,2,0,,,,,,,,,,,,,,,,,,,,,,,,,,,,,,,,,,#2AB7EF,False,space,correct rejection,None,409.0733528137207,,19,3,1back_single_training2,1,,,,,,,,,,,,05,01,no,2025-06-30_13h02.36.220,EXNAT_4_Training_Psychopy2024.2.5,2024.2.5,2025-06-30 13h03.18.029267 +0200,
,,2,0,2,,,,,,2,0,2,0,,,,,,,,,,,,,,,,,,,,,,,,,,,,,,,,,,#D292F3,False,space,correct rejection,None,516.3881778717041,,20,3,1back_single_training2,1,,,,,,,,,,,,05,01,no,2025-06-30_13h02.36.220,EXNAT_4_Training_Psychopy2024.2.5,2024.2.5,2025-06-30 13h03.18.029267 +0200,
,,2,0,2,,,,,,2,0,2,0,,,,,,,,,,,,,,,,,,,,,,,,,,,,,,,,,,#88BA3F,False,space,correct rejection,None,1036.555528640747,,1,4,1back_single_main,1,,,,,,,,,,,,05,01,no,2025-06-30_13h02.36.220,EXNAT_4_Training_Psychopy2024.2.5,2024.2.5,2025-06-30 13h03.18.029267 +0200,
,,2,0,2,,,,,,2,0,2,0,,,,,,,,,,,,,,,,,,,,,,,,,,,,,,,,,,#D292F3,False,space,correct rejection,None,420.69506645202637,,2,4,1back_single_main,1,,,,,,,,,,,,05,01,no,2025-06-30_13h02.36.220,EXNAT_4_Training_Psychopy2024.2.5,2024.2.5,2025-06-30 13h03.18.029267 +0200,
,,2,0,2,,,,,,2,0,2,0,,,,,,,,,,,,,,,,,,,,,,,,,,,,,,,,,,#2AB7EF,False,space,correct rejection,None,416.23950004577637,,3,4,1back_single_main,1,,,,,,,,,,,,05,01,no,2025-06-30_13h02.36.220,EXNAT_4_Training_Psychopy2024.2.5,2024.2.5,2025-06-30 13h03.18.029267 +0200,
,,2,0,2,,,,,,2,0,2,0,,,,,,,,,,,,,,,,,,,,,,,,,,,,,,,,,,#F989A2,False,space,correct rejection,None,395.7853317260742,,4,4,1back_single_main,1,,,,,,,,,,,,05,01,no,2025-06-30_13h02.36.220,EXNAT_4_Training_Psychopy2024.2.5,2024.2.5,2025-06-30 13h03.18.029267 +0200,
,,2,0,2,,,,,,2,0,2,0,,,,,,,,,,,,,,,,,,,,,,,,,,,,,,,,,,#2AB7EF,False,space,correct rejection,None,483.3803176879883,,5,4,1back_single_main,1,,,,,,,,,,,,05,01,no,2025-06-30_13h02.36.220,EXNAT_4_Training_Psychopy2024.2.5,2024.2.5,2025-06-30 13h03.18.029267 +0200,
,,2,0,2,,,,,,2,0,2,0,,,,,,,,,,,,,,,,,,,,,,,,,,,,,,,,,,#88BA3F,False,space,correct rejection,None,498.7912178039551,,6,4,1back_single_main,1,,,,,,,,,,,,05,01,no,2025-06-30_13h02.36.220,EXNAT_4_Training_Psychopy2024.2.5,2024.2.5,2025-06-30 13h03.18.029267 +0200,
,,2,0,2,,,,,,2,0,2,0,,,,,,,,,,,,,,,,,,,,,,,,,,,,,,,,,,#88BA3F,True,space,miss,None,513.6570930480957,,7,4,1back_single_main,1,,,,,,,,,,,,05,01,no,2025-06-30_13h02.36.220,EXNAT_4_Training_Psychopy2024.2.5,2024.2.5,2025-06-30 13h03.18.029267 +0200,
,,2,0,2,,,,,,2,0,2,0,,,,,,,,,,,,,,,,,,,,,,,,,,,,,,,,,,#88BA3F,True,l,hit,19.176721572875977,1191.0154819488525,,8,4,1back_single_main,1,,,,,,,,,,,,05,01,no,2025-06-30_13h02.36.220,EXNAT_4_Training_Psychopy2024.2.5,2024.2.5,2025-06-30 13h03.18.029267 +0200,
,,2,0,2,,,,,,2,0,2,0,,,,,,,,,,,,,,,,,,,,,,,,,,,,,,,,,,#D292F3,False,space,correct rejection,None,554.3782711029053,,9,4,1back_single_main,1,,,,,,,,,,,,05,01,no,2025-06-30_13h02.36.220,EXNAT_4_Training_Psychopy2024.2.5,2024.2.5,2025-06-30 13h03.18.029267 +0200,
,,2,0,2,,,,,,2,0,2,0,,,,,,,,,,,,,,,,,,,,,,,,,,,,,,,,,,#F989A2,False,space,correct rejection,None,498.4164237976074,,10,4,1back_single_main,1,,,,,,,,,,,,05,01,no,2025-06-30_13h02.36.220,EXNAT_4_Training_Psychopy2024.2.5,2024.2.5,2025-06-30 13h03.18.029267 +0200,
,,2,0,2,,,,,,2,0,2,0,,,,,,,,,,,,,,,,,,,,,,,,,,,,,,,,,,#F989A2,True,l,hit,414.7653579711914,685.6238842010498,,11,4,1back_single_main,1,,,,,,,,,,,,05,01,no,2025-06-30_13h02.36.220,EXNAT_4_Training_Psychopy2024.2.5,2024.2.5,2025-06-30 13h03.18.029267 +0200,
,,2,0,2,,,,,,2,0,2,0,,,,,,,,,,,,,,,,,,,,,,,,,,,,,,,,,,#D292F3,False,space,correct rejection,None,412.81986236572266,,12,4,1back_single_main,1,,,,,,,,,,,,05,01,no,2025-06-30_13h02.36.220,EXNAT_4_Training_Psychopy2024.2.5,2024.2.5,2025-06-30 13h03.18.029267 +0200,
,,2,0,2,,,,,,2,0,2,0,,,,,,,,,,,,,,,,,,,,,,,,,,,,,,,,,,#F989A2,False,space,correct rejection,None,563.6346340179443,,13,4,1back_single_main,1,,,,,,,,,,,,05,01,no,2025-06-30_13h02.36.220,EXNAT_4_Training_Psychopy2024.2.5,2024.2.5,2025-06-30 13h03.18.029267 +0200,
,,2,0,2,,,,,,2,0,2,0,,,,,,,,,,,,,,,,,,,,,,,,,,,,,,,,,,#D292F3,False,space,correct rejection,None,523.587703704834,,14,4,1back_single_main,1,,,,,,,,,,,,05,01,no,2025-06-30_13h02.36.220,EXNAT_4_Training_Psychopy2024.2.5,2024.2.5,2025-06-30 13h03.18.029267 +0200,
,,2,0,2,,,,,,2,0,2,0,,,,,,,,,,,,,,,,,,,,,,,,,,,,,,,,,,#88BA3F,False,space,correct rejection,None,468.9064025878906,,15,4,1back_single_main,1,,,,,,,,,,,,05,01,no,2025-06-30_13h02.36.220,EXNAT_4_Training_Psychopy2024.2.5,2024.2.5,2025-06-30 13h03.18.029267 +0200,
,,2,0,2,,,,,,2,0,2,0,,,,,,,,,,,,,,,,,,,,,,,,,,,,,,,,,,#2AB7EF,False,space,correct rejection,None,471.04692459106445,,16,4,1back_single_main,1,,,,,,,,,,,,05,01,no,2025-06-30_13h02.36.220,EXNAT_4_Training_Psychopy2024.2.5,2024.2.5,2025-06-30 13h03.18.029267 +0200,
,,2,0,2,,,,,,2,0,2,0,,,,,,,,,,,,,,,,,,,,,,,,,,,,,,,,,,#D292F3,False,space,correct rejection,None,545.1574325561523,,17,4,1back_single_main,1,,,,,,,,,,,,05,01,no,2025-06-30_13h02.36.220,EXNAT_4_Training_Psychopy2024.2.5,2024.2.5,2025-06-30 13h03.18.029267 +0200,
,,2,0,2,,,,,,2,0,2,0,,,,,,,,,,,,,,,,,,,,,,,,,,,,,,,,,,#D292F3,True,l,hit,545.3991889953613,835.1800441741943,,18,4,1back_single_main,1,,,,,,,,,,,,05,01,no,2025-06-30_13h02.36.220,EXNAT_4_Training_Psychopy2024.2.5,2024.2.5,2025-06-30 13h03.18.029267 +0200,
,,2,0,2,,,,,,2,0,2,0,,,,,,,,,,,,,,,,,,,,,,,,,,,,,,,,,,#F989A2,False,space,correct rejection,None,505.50246238708496,,19,4,1back_single_main,1,,,,,,,,,,,,05,01,no,2025-06-30_13h02.36.220,EXNAT_4_Training_Psychopy2024.2.5,2024.2.5,2025-06-30 13h03.18.029267 +0200,
,,2,0,2,,,,,,2,0,2,0,,,,,,,,,,,,,,,,,,,,,,,,,,,,,,,,,,#88BA3F,False,space,correct rejection,None,531.3107967376709,,20,4,1back_single_main,1,,,,,,,,,,,,05,01,no,2025-06-30_13h02.36.220,EXNAT_4_Training_Psychopy2024.2.5,2024.2.5,2025-06-30 13h03.18.029267 +0200,
,,2,0,2,,,,,,2,0,2,0,,,,,,,,,,,,,,,,,,,,,,,,,,,,,,,,,,#88BA3F,True,l,hit,493.27707290649414,713.1035327911377,,21,4,1back_single_main,1,,,,,,,,,,,,05,01,no,2025-06-30_13h02.36.220,EXNAT_4_Training_Psychopy2024.2.5,2024.2.5,2025-06-30 13h03.18.029267 +0200,
,,2,0,2,,,,,,2,0,2,0,,,,,,,,,,,,,,,,,,,,,,,,,,,,,,,,,,#F989A2,False,space,correct rejection,None,459.2311382293701,,22,4,1back_single_main,1,,,,,,,,,,,,05,01,no,2025-06-30_13h02.36.220,EXNAT_4_Training_Psychopy2024.2.5,2024.2.5,2025-06-30 13h03.18.029267 +0200,
,,2,0,2,,,,,,2,0,2,0,,,,,,,,,,,,,,,,,,,,,,,,,,,,,,,,,,#88BA3F,False,space,correct rejection,None,528.2385349273682,,23,4,1back_single_main,1,,,,,,,,,,,,05,01,no,2025-06-30_13h02.36.220,EXNAT_4_Training_Psychopy2024.2.5,2024.2.5,2025-06-30 13h03.18.029267 +0200,
,,2,0,2,,,,,,2,0,2,0,,,,,,,,,,,,,,,,,,,,,,,,,,,,,,,,,,#2AB7EF,False,space,correct rejection,None,527.064323425293,,24,4,1back_single_main,1,,,,,,,,,,,,05,01,no,2025-06-30_13h02.36.220,EXNAT_4_Training_Psychopy2024.2.5,2024.2.5,2025-06-30 13h03.18.029267 +0200,
,,2,0,2,,,,,,2,0,2,0,,,,,,,,,,,,,,,,,,,,,,,,,,,,,,,,,,#88BA3F,False,space,correct rejection,None,561.3338947296143,,25,4,1back_single_main,1,,,,,,,,,,,,05,01,no,2025-06-30_13h02.36.220,EXNAT_4_Training_Psychopy2024.2.5,2024.2.5,2025-06-30 13h03.18.029267 +0200,
,,2,0,2,,,,,,2,0,2,0,,,,,,,,,,,,,,,,,,,,,,,,,,,,,,,,,,#F989A2,False,space,correct rejection,None,516.3900852203369,,26,4,1back_single_main,1,,,,,,,,,,,,05,01,no,2025-06-30_13h02.36.220,EXNAT_4_Training_Psychopy2024.2.5,2024.2.5,2025-06-30 13h03.18.029267 +0200,
,,2,0,2,,,,,,2,0,2,0,,,,,,,,,,,,,,,,,,,,,,,,,,,,,,,,,,#D292F3,False,space,correct rejection,None,549.2498874664307,,27,4,1back_single_main,1,,,,,,,,,,,,05,01,no,2025-06-30_13h02.36.220,EXNAT_4_Training_Psychopy2024.2.5,2024.2.5,2025-06-30 13h03.18.029267 +0200,
,,2,0,2,,,,,,2,0,2,0,,,,,,,,,,,,,,,,,,,,,,,,,,,,,,,,,,#2AB7EF,False,space,correct rejection,None,515.0468349456787,,28,4,1back_single_main,1,,,,,,,,,,,,05,01,no,2025-06-30_13h02.36.220,EXNAT_4_Training_Psychopy2024.2.5,2024.2.5,2025-06-30 13h03.18.029267 +0200,
,,2,0,2,,,,,,2,0,2,0,,,,,,,,,,,,,,,,,,,,,,,,,,,,,,,,,,#F989A2,False,space,correct rejection,None,640.9976482391357,,29,4,1back_single_main,1,,,,,,,,,,,,05,01,no,2025-06-30_13h02.36.220,EXNAT_4_Training_Psychopy2024.2.5,2024.2.5,2025-06-30 13h03.18.029267 +0200,
,,2,0,2,,,,,,2,0,2,0,,,,,,,,,,,,,,,,,,,,,,,,,,,,,,,,,,#88BA3F,False,space,correct rejection,None,576.8284797668457,,30,4,1back_single_main,1,,,,,,,,,,,,05,01,no,2025-06-30_13h02.36.220,EXNAT_4_Training_Psychopy2024.2.5,2024.2.5,2025-06-30 13h03.18.029267 +0200,
,,2,0,2,,,,,,2,0,2,0,,,,,,,,,,,,,,,,,,,,,,,,,,,,,,,,,,#88BA3F,False,space,correct rejection,None,635.9939575195312,,1,5,2back_single_training1,2,,,,,,,,,,,,05,01,no,2025-06-30_13h02.36.220,EXNAT_4_Training_Psychopy2024.2.5,2024.2.5,2025-06-30 13h03.18.029267 +0200,
,,2,0,2,,,,,,2,0,2,0,,,,,,,,,,,,,,,,,,,,,,,,,,,,,,,,,,#D292F3,False,space,correct rejection,None,547.6512908935547,,2,5,2back_single_training1,2,,,,,,,,,,,,05,01,no,2025-06-30_13h02.36.220,EXNAT_4_Training_Psychopy2024.2.5,2024.2.5,2025-06-30 13h03.18.029267 +0200,
,,2,0,2,,,,,,2,0,2,0,,,,,,,,,,,,,,,,,,,,,,,,,,,,,,,,,,#F989A2,False,space,correct rejection,None,1254.5742988586426,,3,5,2back_single_training1,2,,,,,,,,,,,,05,01,no,2025-06-30_13h02.36.220,EXNAT_4_Training_Psychopy2024.2.5,2024.2.5,2025-06-30 13h03.18.029267 +0200,
,,2,0,2,,,,,,2,0,2,0,,,,,,,,,,,,,,,,,,,,,,,,,,,,,,,,,,#88BA3F,False,space,correct rejection,None,1110.6936931610107,,4,5,2back_single_training1,2,,,,,,,,,,,,05,01,no,2025-06-30_13h02.36.220,EXNAT_4_Training_Psychopy2024.2.5,2024.2.5,2025-06-30 13h03.18.029267 +0200,
,,2,0,2,,,,,,2,0,2,0,,,,,,,,,,,,,,,,,,,,,,,,,,,,,,,,,,#D292F3,False,l,false alarm,934.9689483642578,1282.3731899261475,,5,5,2back_single_training1,2,,,,,,,,,,,,05,01,no,2025-06-30_13h02.36.220,EXNAT_4_Training_Psychopy2024.2.5,2024.2.5,2025-06-30 13h03.18.029267 +0200,
,,2,0,2,,,,,,2,0,2,0,,,,,,,,,,,,,,,,,,,,,,,,,,,,,,,,,,#88BA3F,True,l,hit,823.4574794769287,1064.910650253296,,6,5,2back_single_training1,2,,,,,,,,,,,,05,01,no,2025-06-30_13h02.36.220,EXNAT_4_Training_Psychopy2024.2.5,2024.2.5,2025-06-30 13h03.18.029267 +0200,
,,2,0,2,,,,,,2,0,2,0,,,,,,,,,,,,,,,,,,,,,,,,,,,,,,,,,,#F989A2,False,space,correct rejection,None,626.6992092132568,,7,5,2back_single_training1,2,,,,,,,,,,,,05,01,no,2025-06-30_13h02.36.220,EXNAT_4_Training_Psychopy2024.2.5,2024.2.5,2025-06-30 13h03.18.029267 +0200,
,,2,0,2,,,,,,2,0,2,0,,,,,,,,,,,,,,,,,,,,,,,,,,,,,,,,,,#2AB7EF,False,space,correct rejection,None,595.8740711212158,,8,5,2back_single_training1,2,,,,,,,,,,,,05,01,no,2025-06-30_13h02.36.220,EXNAT_4_Training_Psychopy2024.2.5,2024.2.5,2025-06-30 13h03.18.029267 +0200,
,,2,0,2,,,,,,2,0,2,0,,,,,,,,,,,,,,,,,,,,,,,,,,,,,,,,,,#F989A2,True,l,hit,879.6234130859375,1117.5782680511475,,9,5,2back_single_training1,2,,,,,,,,,,,,05,01,no,2025-06-30_13h02.36.220,EXNAT_4_Training_Psychopy2024.2.5,2024.2.5,2025-06-30 13h03.18.029267 +0200,
,,2,0,2,,,,,,2,0,2,0,,,,,,,,,,,,,,,,,,,,,,,,,,,,,,,,,,#2AB7EF,True,space,miss,None,516.610860824585,,10,5,2back_single_training1,2,,,,,,,,,,,,05,01,no,2025-06-30_13h02.36.220,EXNAT_4_Training_Psychopy2024.2.5,2024.2.5,2025-06-30 13h03.18.029267 +0200,
,,2,0,2,,,,,,2,0,2,0,,,,,,,,,,,,,,,,,,,,,,,,,,,,,,,,,,#F989A2,True,l,hit,960.5345726013184,1223.5345840454102,,11,5,2back_single_training1,2,,,,,,,,,,,,05,01,no,2025-06-30_13h02.36.220,EXNAT_4_Training_Psychopy2024.2.5,2024.2.5,2025-06-30 13h03.18.029267 +0200,
,,2,0,2,,,,,,2,0,2,0,,,,,,,,,,,,,,,,,,,,,,,,,,,,,,,,,,#88BA3F,False,space,correct rejection,None,448.9407539367676,,12,5,2back_single_training1,2,,,,,,,,,,,,05,01,no,2025-06-30_13h02.36.220,EXNAT_4_Training_Psychopy2024.2.5,2024.2.5,2025-06-30 13h03.18.029267 +0200,
,,2,0,2,,,,,,2,0,2,0,,,,,,,,,,,,,,,,,,,,,,,,,,,,,,,,,,#D292F3,False,space,correct rejection,None,832.6139450073242,,13,5,2back_single_training1,2,,,,,,,,,,,,05,01,no,2025-06-30_13h02.36.220,EXNAT_4_Training_Psychopy2024.2.5,2024.2.5,2025-06-30 13h03.18.029267 +0200,
,,2,0,2,,,,,,2,0,2,0,,,,,,,,,,,,,,,,,,,,,,,,,,,,,,,,,,#F989A2,False,space,correct rejection,None,757.5628757476807,,14,5,2back_single_training1,2,,,,,,,,,,,,05,01,no,2025-06-30_13h02.36.220,EXNAT_4_Training_Psychopy2024.2.5,2024.2.5,2025-06-30 13h03.18.029267 +0200,
,,2,0,2,,,,,,2,0,2,0,,,,,,,,,,,,,,,,,,,,,,,,,,,,,,,,,,#2AB7EF,False,space,correct rejection,None,574.2337703704834,,15,5,2back_single_training1,2,,,,,,,,,,,,05,01,no,2025-06-30_13h02.36.220,EXNAT_4_Training_Psychopy2024.2.5,2024.2.5,2025-06-30 13h03.18.029267 +0200,
,,2,0,2,,,,,,2,0,2,0,,,,,,,,,,,,,,,,,,,,,,,,,,,,,,,,,,#2AB7EF,False,space,correct rejection,None,787.7264022827148,,16,5,2back_single_training1,2,,,,,,,,,,,,05,01,no,2025-06-30_13h02.36.220,EXNAT_4_Training_Psychopy2024.2.5,2024.2.5,2025-06-30 13h03.18.029267 +0200,
,,2,0,2,,,,,,2,0,2,0,,,,,,,,,,,,,,,,,,,,,,,,,,,,,,,,,,#2AB7EF,True,l,hit,564.3649101257324,932.4100017547607,,17,5,2back_single_training1,2,,,,,,,,,,,,05,01,no,2025-06-30_13h02.36.220,EXNAT_4_Training_Psychopy2024.2.5,2024.2.5,2025-06-30 13h03.18.029267 +0200,
,,2,0,2,,,,,,2,0,2,0,,,,,,,,,,,,,,,,,,,,,,,,,,,,,,,,,,#F989A2,False,space,correct rejection,None,855.2892208099365,,18,5,2back_single_training1,2,,,,,,,,,,,,05,01,no,2025-06-30_13h02.36.220,EXNAT_4_Training_Psychopy2024.2.5,2024.2.5,2025-06-30 13h03.18.029267 +0200,
,,2,0,2,,,,,,2,0,2,0,,,,,,,,,,,,,,,,,,,,,,,,,,,,,,,,,,#88BA3F,False,space,correct rejection,None,596.3335037231445,,19,5,2back_single_training1,2,,,,,,,,,,,,05,01,no,2025-06-30_13h02.36.220,EXNAT_4_Training_Psychopy2024.2.5,2024.2.5,2025-06-30 13h03.18.029267 +0200,
,,2,0,2,,,,,,2,0,2,0,,,,,,,,,,,,,,,,,,,,,,,,,,,,,,,,,,#88BA3F,False,space,correct rejection,None,712.6858234405518,,20,5,2back_single_training1,2,,,,,,,,,,,,05,01,no,2025-06-30_13h02.36.220,EXNAT_4_Training_Psychopy2024.2.5,2024.2.5,2025-06-30 13h03.18.029267 +0200,
,,2,0,2,,,,,,2,0,2,0,,,,,,,,,,,,,,,,,,,,,,,,,,,,,,,,,,#88BA3F,False,space,correct rejection,None,1039.3517017364502,,1,7,2back_single_main,2,,,,,,,,,,,,05,01,no,2025-06-30_13h02.36.220,EXNAT_4_Training_Psychopy2024.2.5,2024.2.5,2025-06-30 13h03.18.029267 +0200,
,,2,0,2,,,,,,2,0,2,0,,,,,,,,,,,,,,,,,,,,,,,,,,,,,,,,,,#F989A2,False,space,correct rejection,None,581.3093185424805,,2,7,2back_single_main,2,,,,,,,,,,,,05,01,no,2025-06-30_13h02.36.220,EXNAT_4_Training_Psychopy2024.2.5,2024.2.5,2025-06-30 13h03.18.029267 +0200,
,,2,0,2,,,,,,2,0,2,0,,,,,,,,,,,,,,,,,,,,,,,,,,,,,,,,,,#F989A2,False,space,correct rejection,None,754.0438175201416,,3,7,2back_single_main,2,,,,,,,,,,,,05,01,no,2025-06-30_13h02.36.220,EXNAT_4_Training_Psychopy2024.2.5,2024.2.5,2025-06-30 13h03.18.029267 +0200,
,,2,0,2,,,,,,2,0,2,0,,,,,,,,,,,,,,,,,,,,,,,,,,,,,,,,,,#2AB7EF,False,space,correct rejection,None,678.1244277954102,,4,7,2back_single_main,2,,,,,,,,,,,,05,01,no,2025-06-30_13h02.36.220,EXNAT_4_Training_Psychopy2024.2.5,2024.2.5,2025-06-30 13h03.18.029267 +0200,
,,2,0,2,,,,,,2,0,2,0,,,,,,,,,,,,,,,,,,,,,,,,,,,,,,,,,,#D292F3,False,space,correct rejection,None,633.3684921264648,,5,7,2back_single_main,2,,,,,,,,,,,,05,01,no,2025-06-30_13h02.36.220,EXNAT_4_Training_Psychopy2024.2.5,2024.2.5,2025-06-30 13h03.18.029267 +0200,
,,2,0,2,,,,,,2,0,2,0,,,,,,,,,,,,,,,,,,,,,,,,,,,,,,,,,,#2AB7EF,True,space,miss,None,722.0463752746582,,6,7,2back_single_main,2,,,,,,,,,,,,05,01,no,2025-06-30_13h02.36.220,EXNAT_4_Training_Psychopy2024.2.5,2024.2.5,2025-06-30 13h03.18.029267 +0200,
,,2,0,2,,,,,,2,0,2,0,,,,,,,,,,,,,,,,,,,,,,,,,,,,,,,,,,#F989A2,False,l,false alarm,849.6949672698975,1197.0336437225342,,7,7,2back_single_main,2,,,,,,,,,,,,05,01,no,2025-06-30_13h02.36.220,EXNAT_4_Training_Psychopy2024.2.5,2024.2.5,2025-06-30 13h03.18.029267 +0200,
,,2,0,2,,,,,,2,0,2,0,,,,,,,,,,,,,,,,,,,,,,,,,,,,,,,,,,#D292F3,False,space,correct rejection,None,760.6701850891113,,8,7,2back_single_main,2,,,,,,,,,,,,05,01,no,2025-06-30_13h02.36.220,EXNAT_4_Training_Psychopy2024.2.5,2024.2.5,2025-06-30 13h03.18.029267 +0200,
,,2,0,2,,,,,,2,0,2,0,,,,,,,,,,,,,,,,,,,,,,,,,,,,,,,,,,#D292F3,False,space,correct rejection,None,708.7092399597168,,9,7,2back_single_main,2,,,,,,,,,,,,05,01,no,2025-06-30_13h02.36.220,EXNAT_4_Training_Psychopy2024.2.5,2024.2.5,2025-06-30 13h03.18.029267 +0200,
,,2,0,2,,,,,,2,0,2,0,,,,,,,,,,,,,,,,,,,,,,,,,,,,,,,,,,#88BA3F,False,space,correct rejection,None,826.4777660369873,,10,7,2back_single_main,2,,,,,,,,,,,,05,01,no,2025-06-30_13h02.36.220,EXNAT_4_Training_Psychopy2024.2.5,2024.2.5,2025-06-30 13h03.18.029267 +0200,
,,2,0,2,,,,,,2,0,2,0,,,,,,,,,,,,,,,,,,,,,,,,,,,,,,,,,,#88BA3F,False,space,correct rejection,None,734.886646270752,,11,7,2back_single_main,2,,,,,,,,,,,,05,01,no,2025-06-30_13h02.36.220,EXNAT_4_Training_Psychopy2024.2.5,2024.2.5,2025-06-30 13h03.18.029267 +0200,
,,2,0,2,,,,,,2,0,2,0,,,,,,,,,,,,,,,,,,,,,,,,,,,,,,,,,,#88BA3F,True,l,hit,603.5306453704834,935.9328746795654,,12,7,2back_single_main,2,,,,,,,,,,,,05,01,no,2025-06-30_13h02.36.220,EXNAT_4_Training_Psychopy2024.2.5,2024.2.5,2025-06-30 13h03.18.029267 +0200,
,,2,0,2,,,,,,2,0,2,0,,,,,,,,,,,,,,,,,,,,,,,,,,,,,,,,,,#2AB7EF,False,space,correct rejection,None,718.0399894714355,,13,7,2back_single_main,2,,,,,,,,,,,,05,01,no,2025-06-30_13h02.36.220,EXNAT_4_Training_Psychopy2024.2.5,2024.2.5,2025-06-30 13h03.18.029267 +0200,
,,2,0,2,,,,,,2,0,2,0,,,,,,,,,,,,,,,,,,,,,,,,,,,,,,,,,,#F989A2,False,space,correct rejection,None,640.4697895050049,,14,7,2back_single_main,2,,,,,,,,,,,,05,01,no,2025-06-30_13h02.36.220,EXNAT_4_Training_Psychopy2024.2.5,2024.2.5,2025-06-30 13h03.18.029267 +0200,
,,2,0,2,,,,,,2,0,2,0,,,,,,,,,,,,,,,,,,,,,,,,,,,,,,,,,,#2AB7EF,True,l,hit,530.4968357086182,871.4001178741455,,15,7,2back_single_main,2,,,,,,,,,,,,05,01,no,2025-06-30_13h02.36.220,EXNAT_4_Training_Psychopy2024.2.5,2024.2.5,2025-06-30 13h03.18.029267 +0200,
,,2,0,2,,,,,,2,0,2,0,,,,,,,,,,,,,,,,,,,,,,,,,,,,,,,,,,#D292F3,False,space,correct rejection,None,618.227481842041,,16,7,2back_single_main,2,,,,,,,,,,,,05,01,no,2025-06-30_13h02.36.220,EXNAT_4_Training_Psychopy2024.2.5,2024.2.5,2025-06-30 13h03.18.029267 +0200,
,,2,0,2,,,,,,2,0,2,0,,,,,,,,,,,,,,,,,,,,,,,,,,,,,,,,,,#88BA3F,False,space,correct rejection,None,836.8768692016602,,17,7,2back_single_main,2,,,,,,,,,,,,05,01,no,2025-06-30_13h02.36.220,EXNAT_4_Training_Psychopy2024.2.5,2024.2.5,2025-06-30 13h03.18.029267 +0200,
,,2,0,2,,,,,,2,0,2,0,,,,,,,,,,,,,,,,,,,,,,,,,,,,,,,,,,#F989A2,False,space,correct rejection,None,1023.7879753112793,,18,7,2back_single_main,2,,,,,,,,,,,,05,01,no,2025-06-30_13h02.36.220,EXNAT_4_Training_Psychopy2024.2.5,2024.2.5,2025-06-30 13h03.18.029267 +0200,
,,2,0,2,,,,,,2,0,2,0,,,,,,,,,,,,,,,,,,,,,,,,,,,,,,,,,,#F989A2,False,space,correct rejection,None,845.2272415161133,,19,7,2back_single_main,2,,,,,,,,,,,,05,01,no,2025-06-30_13h02.36.220,EXNAT_4_Training_Psychopy2024.2.5,2024.2.5,2025-06-30 13h03.18.029267 +0200,
,,2,0,2,,,,,,2,0,2,0,,,,,,,,,,,,,,,,,,,,,,,,,,,,,,,,,,#D292F3,False,space,correct rejection,None,842.2706127166748,,20,7,2back_single_main,2,,,,,,,,,,,,05,01,no,2025-06-30_13h02.36.220,EXNAT_4_Training_Psychopy2024.2.5,2024.2.5,2025-06-30 13h03.18.029267 +0200,
,,2,0,2,,,,,,2,0,2,0,,,,,,,,,,,,,,,,,,,,,,,,,,,,,,,,,,#F989A2,True,space,miss,None,731.2662601470947,,21,7,2back_single_main,2,,,,,,,,,,,,05,01,no,2025-06-30_13h02.36.220,EXNAT_4_Training_Psychopy2024.2.5,2024.2.5,2025-06-30 13h03.18.029267 +0200,
,,2,0,2,,,,,,2,0,2,0,,,,,,,,,,,,,,,,,,,,,,,,,,,,,,,,,,#D292F3,True,l,hit,129.4689178466797,1391.3707733154297,,22,7,2back_single_main,2,,,,,,,,,,,,05,01,no,2025-06-30_13h02.36.220,EXNAT_4_Training_Psychopy2024.2.5,2024.2.5,2025-06-30 13h03.18.029267 +0200,
,,2,0,2,,,,,,2,0,2,0,,,,,,,,,,,,,,,,,,,,,,,,,,,,,,,,,,#2AB7EF,False,space,correct rejection,None,604.7899723052979,,23,7,2back_single_main,2,,,,,,,,,,,,05,01,no,2025-06-30_13h02.36.220,EXNAT_4_Training_Psychopy2024.2.5,2024.2.5,2025-06-30 13h03.18.029267 +0200,
,,2,0,2,,,,,,2,0,2,0,,,,,,,,,,,,,,,,,,,,,,,,,,,,,,,,,,#88BA3F,False,space,correct rejection,None,607.9726219177246,,24,7,2back_single_main,2,,,,,,,,,,,,05,01,no,2025-06-30_13h02.36.220,EXNAT_4_Training_Psychopy2024.2.5,2024.2.5,2025-06-30 13h03.18.029267 +0200,
,,2,0,2,,,,,,2,0,2,0,,,,,,,,,,,,,,,,,,,,,,,,,,,,,,,,,,#88BA3F,False,space,correct rejection,None,697.3531246185303,,25,7,2back_single_main,2,,,,,,,,,,,,05,01,no,2025-06-30_13h02.36.220,EXNAT_4_Training_Psychopy2024.2.5,2024.2.5,2025-06-30 13h03.18.029267 +0200,
,,2,0,2,,,,,,2,0,2,0,,,,,,,,,,,,,,,,,,,,,,,,,,,,,,,,,,#2AB7EF,False,space,correct rejection,None,1326.8697261810303,,26,7,2back_single_main,2,,,,,,,,,,,,05,01,no,2025-06-30_13h02.36.220,EXNAT_4_Training_Psychopy2024.2.5,2024.2.5,2025-06-30 13h03.18.029267 +0200,
,,2,0,2,,,,,,2,0,2,0,,,,,,,,,,,,,,,,,,,,,,,,,,,,,,,,,,#F989A2,False,space,correct rejection,None,1005.530595779419,,27,7,2back_single_main,2,,,,,,,,,,,,05,01,no,2025-06-30_13h02.36.220,EXNAT_4_Training_Psychopy2024.2.5,2024.2.5,2025-06-30 13h03.18.029267 +0200,
,,2,0,2,,,,,,2,0,2,0,,,,,,,,,,,,,,,,,,,,,,,,,,,,,,,,,,#D292F3,False,space,correct rejection,None,763.4563446044922,,28,7,2back_single_main,2,,,,,,,,,,,,05,01,no,2025-06-30_13h02.36.220,EXNAT_4_Training_Psychopy2024.2.5,2024.2.5,2025-06-30 13h03.18.029267 +0200,
,,2,0,2,,,,,,2,0,2,0,,,,,,,,,,,,,,,,,,,,,,,,,,,,,,,,,,#88BA3F,False,space,correct rejection,None,1128.861665725708,,29,7,2back_single_main,2,,,,,,,,,,,,05,01,no,2025-06-30_13h02.36.220,EXNAT_4_Training_Psychopy2024.2.5,2024.2.5,2025-06-30 13h03.18.029267 +0200,
,,2,0,2,,,,,,2,0,2,0,,,,,,,,,,,,,,,,,,,,,,,,,,,,,,,,,,#2AB7EF,False,space,correct rejection,None,830.298662185669,,30,7,2back_single_main,2,,,,,,,,,,,,05,01,no,2025-06-30_13h02.36.220,EXNAT_4_Training_Psychopy2024.2.5,2024.2.5,2025-06-30 13h03.18.029267 +0200,
,,2,0,2,,,,,,2,0,2,0,,,,,,,,,,,,,,,,,,,,,,,,,,,,,,,,526.9673311710358,526.967367887497,#88BA3F,False,space,correct rejection,None,1224.6739864349365,text_06,1,8,2back_dual_main_click,2,Julia,,,,,,,,,,,05,01,no,2025-06-30_13h02.36.220,EXNAT_4_Training_Psychopy2024.2.5,2024.2.5,2025-06-30 13h03.18.029267 +0200,
,,2,0,2,,,,,,2,0,2,0,,,,,,,,,,,,,,,,,,,,,,,,,,,,,,,,,,#F989A2,False,space,correct rejection,None,1233.738899230957,text_06,2,8,2back_dual_main_click,2,Baer,,,,,,,,,,,05,01,no,2025-06-30_13h02.36.220,EXNAT_4_Training_Psychopy2024.2.5,2024.2.5,2025-06-30 13h03.18.029267 +0200,
,,2,0,2,,,,,,2,0,2,0,,,,,,,,,,,,,,,,,,,,,,,,,,,,,,,,,,#88BA3F,True,l,hit,1109.9135875701904,1795.2542304992676,text_06,3,8,2back_dual_main_click,2,arbeitet,,,,,,,,,,,05,01,no,2025-06-30_13h02.36.220,EXNAT_4_Training_Psychopy2024.2.5,2024.2.5,2025-06-30 13h03.18.029267 +0200,
,,2,0,2,,,,,,2,0,2,0,,,,,,,,,,,,,,,,,,,,,,,,,,,,,,,,,,#F989A2,True,space,miss,None,899.1453647613525,text_06,4,8,2back_dual_main_click,2,allein,,,,,,,,,,,05,01,no,2025-06-30_13h02.36.220,EXNAT_4_Training_Psychopy2024.2.5,2024.2.5,2025-06-30 13h03.18.029267 +0200,
,,2,0,2,,,,,,2,0,2,0,,,,,,,,,,,,,,,,,,,,,,,,,,,,,,,,,,#2AB7EF,False,space,correct rejection,None,775.57373046875,text_06,5,8,2back_dual_main_click,2,als,,,,,,,,,,,05,01,no,2025-06-30_13h02.36.220,EXNAT_4_Training_Psychopy2024.2.5,2024.2.5,2025-06-30 13h03.18.029267 +0200,
,,2,0,2,,,,,,2,0,2,0,,,,,,,,,,,,,,,,,,,,,,,,,,,,,,,,,,#D292F3,False,space,correct rejection,None,1138.5242938995361,text_06,6,8,2back_dual_main_click,2,Naturschutzwartin,,,,,,,,,,,05,01,no,2025-06-30_13h02.36.220,EXNAT_4_Training_Psychopy2024.2.5,2024.2.5,2025-06-30 13h03.18.029267 +0200,
,,2,0,2,,,,,,2,0,2,0,,,,,,,,,,,,,,,,,,,,,,,,,,,,,,,,,,#2AB7EF,True,space,miss,None,1012.0594501495361,text_06,7,8,2back_dual_main_click,2,im,,,,,,,,,,,05,01,no,2025-06-30_13h02.36.220,EXNAT_4_Training_Psychopy2024.2.5,2024.2.5,2025-06-30 13h03.18.029267 +0200,
,,2,0,2,,,,,,2,0,2,0,,,,,,,,,,,,,,,,,,,,,,,,,,,,,,,,,,#F989A2,False,space,correct rejection,None,791.1677360534668,text_06,8,8,2back_dual_main_click,2,Auftrag,,,,,,,,,,,05,01,no,2025-06-30_13h02.36.220,EXNAT_4_Training_Psychopy2024.2.5,2024.2.5,2025-06-30 13h03.18.029267 +0200,
,,2,0,2,,,,,,2,0,2,0,,,,,,,,,,,,,,,,,,,,,,,,,,,,,,,,,,#88BA3F,False,space,correct rejection,None,837.0223045349121,text_06,9,8,2back_dual_main_click,2,des,,,,,,,,,,,05,01,no,2025-06-30_13h02.36.220,EXNAT_4_Training_Psychopy2024.2.5,2024.2.5,2025-06-30 13h03.18.029267 +0200,
,,2,0,2,,,,,,2,0,2,0,,,,,,,,,,,,,,,,,,,,,,,,,,,,,,,,,,#2AB7EF,False,space,correct rejection,None,1217.0624732971191,text_06,10,8,2back_dual_main_click,2,Nabu,,,,,,,,,,,05,01,no,2025-06-30_13h02.36.220,EXNAT_4_Training_Psychopy2024.2.5,2024.2.5,2025-06-30 13h03.18.029267 +0200,
,,2,0,2,,,,,,2,0,2,0,,,,,,,,,,,,,,,,,,,,,,,,,,,,,,,,,,#D292F3,False,space,correct rejection,None,1265.566349029541,text_06,11,8,2back_dual_main_click,2,auf,,,,,,,,,,,05,01,no,2025-06-30_13h02.36.220,EXNAT_4_Training_Psychopy2024.2.5,2024.2.5,2025-06-30 13h03.18.029267 +0200,
,,2,0,2,,,,,,2,0,2,0,,,,,,,,,,,,,,,,,,,,,,,,,,,,,,,,,,#D292F3,False,space,correct rejection,None,964.123010635376,text_06,12,8,2back_dual_main_click,2,der,,,,,,,,,,,05,01,no,2025-06-30_13h02.36.220,EXNAT_4_Training_Psychopy2024.2.5,2024.2.5,2025-06-30 13h03.18.029267 +0200,
,,2,0,2,,,,,,2,0,2,0,,,,,,,,,,,,,,,,,,,,,,,,,,,,,,,,,,#2AB7EF,False,space,correct rejection,None,1118.5431480407715,text_06,13,8,2back_dual_main_click,2,Nordseeinsel,,,,,,,,,,,05,01,no,2025-06-30_13h02.36.220,EXNAT_4_Training_Psychopy2024.2.5,2024.2.5,2025-06-30 13h03.18.029267 +0200,
,,2,0,2,,,,,,2,0,2,0,,,,,,,,,,,,,,,,,,,,,,,,,,,,,,,,,,#F989A2,False,space,correct rejection,None,987.0858192443848,text_06,14,8,2back_dual_main_click,2,Trischen.,,,,,,,,,,,05,01,no,2025-06-30_13h02.36.220,EXNAT_4_Training_Psychopy2024.2.5,2024.2.5,2025-06-30 13h03.18.029267 +0200,
,,2,0,2,,,,,,2,0,2,0,,,,,,,,,,,,,,,,,,,,,,,,,,,,,,,,,,#D292F3,False,space,correct rejection,None,1405.3525924682617,text_06,15,8,2back_dual_main_click,2,Ihre,,,,,,,,,,,05,01,no,2025-06-30_13h02.36.220,EXNAT_4_Training_Psychopy2024.2.5,2024.2.5,2025-06-30 13h03.18.029267 +0200,
,,2,0,2,,,,,,2,0,2,0,,,,,,,,,,,,,,,,,,,,,,,,,,,,,,,,,,#2AB7EF,False,space,correct rejection,None,852.0016670227051,text_06,16,8,2back_dual_main_click,2,Aufgabe,,,,,,,,,,,05,01,no,2025-06-30_13h02.36.220,EXNAT_4_Training_Psychopy2024.2.5,2024.2.5,2025-06-30 13h03.18.029267 +0200,
,,2,0,2,,,,,,2,0,2,0,,,,,,,,,,,,,,,,,,,,,,,,,,,,,,,,,,#2AB7EF,False,space,correct rejection,None,816.75124168396,text_06,17,8,2back_dual_main_click,2,ist,,,,,,,,,,,05,01,no,2025-06-30_13h02.36.220,EXNAT_4_Training_Psychopy2024.2.5,2024.2.5,2025-06-30 13h03.18.029267 +0200,
,,2,0,2,,,,,,2,0,2,0,,,,,,,,,,,,,,,,,,,,,,,,,,,,,,,,,,#88BA3F,False,space,correct rejection,None,914.8800373077393,text_06,18,8,2back_dual_main_click,2,"es,",,,,,,,,,,,05,01,no,2025-06-30_13h02.36.220,EXNAT_4_Training_Psychopy2024.2.5,2024.2.5,2025-06-30 13h03.18.029267 +0200,
,,2,0,2,,,,,,2,0,2,0,,,,,,,,,,,,,,,,,,,,,,,,,,,,,,,,,,#2AB7EF,True,l,hit,478.50775718688965,870.1663017272949,text_06,19,8,2back_dual_main_click,2,verschiedene,,,,,,,,,,,05,01,no,2025-06-30_13h02.36.220,EXNAT_4_Training_Psychopy2024.2.5,2024.2.5,2025-06-30 13h03.18.029267 +0200,
,,2,0,2,,,,,,2,0,2,0,,,,,,,,,,,,,,,,,,,,,,,,,,,,,,,,,,#88BA3F,True,l,hit,804.3947219848633,1127.3627281188965,text_06,20,8,2back_dual_main_click,2,Vögel,,,,,,,,,,,05,01,no,2025-06-30_13h02.36.220,EXNAT_4_Training_Psychopy2024.2.5,2024.2.5,2025-06-30 13h03.18.029267 +0200,
,,2,0,2,,,,,,2,0,2,0,,,,,,,,,,,,,,,,,,,,,,,,,,,,,,,,,,#F989A2,False,space,correct rejection,None,1440.901517868042,text_06,21,8,2back_dual_main_click,2,wie,,,,,,,,,,,05,01,no,2025-06-30_13h02.36.220,EXNAT_4_Training_Psychopy2024.2.5,2024.2.5,2025-06-30 13h03.18.029267 +0200,
,,2,0,2,,,,,,2,0,2,0,,,,,,,,,,,,,,,,,,,,,,,,,,,,,,,,,,#D292F3,False,space,correct rejection,None,1021.8641757965088,text_06,22,8,2back_dual_main_click,2,"Regenpfeifer,",,,,,,,,,,,05,01,no,2025-06-30_13h02.36.220,EXNAT_4_Training_Psychopy2024.2.5,2024.2.5,2025-06-30 13h03.18.029267 +0200,
,,2,0,2,,,,,,2,0,2,0,,,,,,,,,,,,,,,,,,,,,,,,,,,,,,,,,,#D292F3,False,space,correct rejection,None,860.3203296661377,text_06,23,8,2back_dual_main_click,2,Austernfischer,,,,,,,,,,,05,01,no,2025-06-30_13h02.36.220,EXNAT_4_Training_Psychopy2024.2.5,2024.2.5,2025-06-30 13h03.18.029267 +0200,
,,2,0,2,,,,,,2,0,2,0,,,,,,,,,,,,,,,,,,,,,,,,,,,,,,,,,,#88BA3F,False,space,correct rejection,None,1200.685977935791,text_06,24,8,2back_dual_main_click,2,und,,,,,,,,,,,05,01,no,2025-06-30_13h02.36.220,EXNAT_4_Training_Psychopy2024.2.5,2024.2.5,2025-06-30 13h03.18.029267 +0200,
,,2,0,2,,,,,,2,0,2,0,,,,,,,,,,,,,,,,,,,,,,,,,,,,,,,,,,#88BA3F,False,space,correct rejection,None,1034.4738960266113,text_06,25,8,2back_dual_main_click,2,Rotschenkel,,,,,,,,,,,05,01,no,2025-06-30_13h02.36.220,EXNAT_4_Training_Psychopy2024.2.5,2024.2.5,2025-06-30 13h03.18.029267 +0200,
,,2,0,2,,,,,,2,0,2,0,,,,,,,,,,,,,,,,,,,,,,,,,,,,,,,,,,#2AB7EF,False,space,correct rejection,None,826.7679214477539,text_06,26,8,2back_dual_main_click,2,zu,,,,,,,,,,,05,01,no,2025-06-30_13h02.36.220,EXNAT_4_Training_Psychopy2024.2.5,2024.2.5,2025-06-30 13h03.18.029267 +0200,
,,2,0,2,,,,,,2,0,2,0,,,,,,,,,,,,,,,,,,,,,,,,,,,,,,,,,,#D292F3,False,space,correct rejection,None,996.3245391845703,text_06,27,8,2back_dual_main_click,2,beobachten,,,,,,,,,,,05,01,no,2025-06-30_13h02.36.220,EXNAT_4_Training_Psychopy2024.2.5,2024.2.5,2025-06-30 13h03.18.029267 +0200,
,,2,0,2,,,,,,2,0,2,0,,,,,,,,,,,,,,,,,,,,,,,,,,,,,,,,,,#D292F3,False,space,correct rejection,None,844.820499420166,text_06,28,8,2back_dual_main_click,2,und,,,,,,,,,,,05,01,no,2025-06-30_13h02.36.220,EXNAT_4_Training_Psychopy2024.2.5,2024.2.5,2025-06-30 13h03.18.029267 +0200,
,,2,0,2,,,,,,2,0,2,0,,,,,,,,,,,,,,,,,,,,,,,,,,,,,,,,,,#F989A2,False,space,correct rejection,None,822.7899074554443,text_06,29,8,2back_dual_main_click,2,zu,,,,,,,,,,,05,01,no,2025-06-30_13h02.36.220,EXNAT_4_Training_Psychopy2024.2.5,2024.2.5,2025-06-30 13h03.18.029267 +0200,
,,2,0,2,,,,,,2,0,2,0,,,,,,,,,,,,,,,,,,,,,,,,,,,,,,,,,,#F989A2,False,space,correct rejection,None,851.0520458221436,text_06,30,8,2back_dual_main_click,2,zählen.,,,,,,,,,,,05,01,no,2025-06-30_13h02.36.220,EXNAT_4_Training_Psychopy2024.2.5,2024.2.5,2025-06-30 13h03.18.029267 +0200,
,,2,0,2,,,,,,2,0,2,0,,,,,,,,,,,,,,,,,,,,,,,,,,,,,,,,,,,,2,,,,text_06,,,2back_dual_main_click,,,593.9249424934387,Q1,b,True,9,2,,,,,05,01,no,2025-06-30_13h02.36.220,EXNAT_4_Training_Psychopy2024.2.5,2024.2.5,2025-06-30 13h03.18.029267 +0200,
,,2,0,2,,,,,,2,0,2,0,,,,,,,,,,,,,,,,,,,,,,,,,,,,,,,,,,,,1,,,,text_06,,,2back_dual_main_click,,,599.3983030319214,Q2,a,True,9,2,,,,,05,01,no,2025-06-30_13h02.36.220,EXNAT_4_Training_Psychopy2024.2.5,2024.2.5,2025-06-30 13h03.18.029267 +0200,
,,2,0,2,,,,,,2,0,2,0,,,,,,,,,,,,,,,,,,,,,,,,,,,,,,,,,,,,3,,,,text_06,,,2back_dual_main_click,,,603.5359344482422,Q3,c,False,9,2,,,,,05,01,no,2025-06-30_13h02.36.220,EXNAT_4_Training_Psychopy2024.2.5,2024.2.5,2025-06-30 13h03.18.029267 +0200,
,,2,0,2,,,,,,2,0,2,0,,,,,,,,,,,,,,,,,,,,,,,,,,,,,,,,,,,,,,,,,,,,,,,,,,,,606.7280340194702,606.728063583374,,,05,01,no,2025-06-30_13h02.36.220,EXNAT_4_Training_Psychopy2024.2.5,2024.2.5,2025-06-30 13h03.18.029267 +0200,
,,,,,,,,,,,,,,,,,,,,,,,,,,,,,,,,,,,,,,,,,,,,,,,,,,,,,,,,,,,,,,,,,,,616.5671322345734,616.5676231384277,05,01,no,2025-06-30_13h02.36.220,EXNAT_4_Training_Psychopy2024.2.5,2024.2.5,2025-06-30 13h03.18.029267 +0200,
